sub;run;type;z;roi
1;IP;within_pair-across_pair;-1,56476353097783e-02;ca23dg_body_thre_0.5
1;pre-IP;within_pair-across_pair;-1,92094846571024e-02;ca23dg_body_thre_0.5
2;IP;within_pair-across_pair;-2,08588644889278e-02;ca23dg_body_thre_0.5
2;pre-IP;within_pair-across_pair;3,67067661552334e-03;ca23dg_body_thre_0.5
3;IP;within_pair-across_pair;2,17782825245210e-02;ca23dg_body_thre_0.5
3;pre-IP;within_pair-across_pair;1,11767119930558e-02;ca23dg_body_thre_0.5
4;IP;within_pair-across_pair;2,18250327753940e-02;ca23dg_body_thre_0.5
4;pre-IP;within_pair-across_pair;-2,20516884829415e-02;ca23dg_body_thre_0.5
5;IP;within_pair-across_pair;2,38832570313231e-03;ca23dg_body_thre_0.5
5;pre-IP;within_pair-across_pair;4,11809246738818e-03;ca23dg_body_thre_0.5
6;IP;within_pair-across_pair;1,94988812968190e-02;ca23dg_body_thre_0.5
6;pre-IP;within_pair-across_pair;1,44134837855473e-02;ca23dg_body_thre_0.5
7;IP;within_pair-across_pair;-2,77928109875831e-02;ca23dg_body_thre_0.5
7;pre-IP;within_pair-across_pair;1,82407515491510e-02;ca23dg_body_thre_0.5
9;IP;within_pair-across_pair;-3,98851949179203e-02;ca23dg_body_thre_0.5
9;pre-IP;within_pair-across_pair;2,03814093207894e-02;ca23dg_body_thre_0.5
10;IP;within_pair-across_pair;-2,27737557828926e-02;ca23dg_body_thre_0.5
10;pre-IP;within_pair-across_pair;5,59439067907395e-03;ca23dg_body_thre_0.5
11;IP;within_pair-across_pair;-2,69286423787151e-02;ca23dg_body_thre_0.5
11;pre-IP;within_pair-across_pair;3,51108211301971e-02;ca23dg_body_thre_0.5
12;IP;within_pair-across_pair;-1,59956396447395e-02;ca23dg_body_thre_0.5
12;pre-IP;within_pair-across_pair;1,05436146262585e-02;ca23dg_body_thre_0.5
13;IP;within_pair-across_pair;-2,57603626203432e-02;ca23dg_body_thre_0.5
13;pre-IP;within_pair-across_pair;1,84621270999300e-02;ca23dg_body_thre_0.5
14;IP;within_pair-across_pair;-1,43446826479831e-03;ca23dg_body_thre_0.5
14;pre-IP;within_pair-across_pair;-1,52289723616907e-03;ca23dg_body_thre_0.5
17;IP;within_pair-across_pair;3,05810350393715e-02;ca23dg_body_thre_0.5
17;pre-IP;within_pair-across_pair;2,17227736807277e-02;ca23dg_body_thre_0.5
18;IP;within_pair-across_pair;2,76304436989984e-02;ca23dg_body_thre_0.5
18;pre-IP;within_pair-across_pair;1,85932932356512e-02;ca23dg_body_thre_0.5
19;IP;within_pair-across_pair;-3,45465781068000e-02;ca23dg_body_thre_0.5
19;pre-IP;within_pair-across_pair;-1,15218869047028e-02;ca23dg_body_thre_0.5
20;IP;within_pair-across_pair;1,55851452638289e-02;ca23dg_body_thre_0.5
20;pre-IP;within_pair-across_pair;-3,74953587671031e-02;ca23dg_body_thre_0.5
21;IP;within_pair-across_pair;-4,12651004517590e-04;ca23dg_body_thre_0.5
21;pre-IP;within_pair-across_pair;-1,52184553319293e-02;ca23dg_body_thre_0.5
22;IP;within_pair-across_pair;-1,34034771560874e-02;ca23dg_body_thre_0.5
22;pre-IP;within_pair-across_pair;7,37208321825471e-03;ca23dg_body_thre_0.5
23;IP;within_pair-across_pair;-1,75851949788458e-02;ca23dg_body_thre_0.5
23;pre-IP;within_pair-across_pair;-1,44970395100155e-02;ca23dg_body_thre_0.5
24;IP;within_pair-across_pair;-8,91731237263416e-03;ca23dg_body_thre_0.5
24;pre-IP;within_pair-across_pair;1,20389862626133e-02;ca23dg_body_thre_0.5
25;IP;within_pair-across_pair;-4,94326518762877e-03;ca23dg_body_thre_0.5
25;pre-IP;within_pair-across_pair;2,76916987956379e-02;ca23dg_body_thre_0.5
26;IP;within_pair-across_pair;3,80620926868203e-03;ca23dg_body_thre_0.5
26;pre-IP;within_pair-across_pair;-3,40548412905276e-03;ca23dg_body_thre_0.5
27;IP;within_pair-across_pair;-9,23234198660784e-03;ca23dg_body_thre_0.5
27;pre-IP;within_pair-across_pair;1,67242811168728e-02;ca23dg_body_thre_0.5
28;IP;within_pair-across_pair;-1,12570453043166e-02;ca23dg_body_thre_0.5
28;pre-IP;within_pair-across_pair;1,05288485164562e-02;ca23dg_body_thre_0.5
29;IP;within_pair-across_pair;-2,61949152602542e-02;ca23dg_body_thre_0.5
29;pre-IP;within_pair-across_pair;-1,83025674807903e-02;ca23dg_body_thre_0.5
31;IP;within_pair-across_pair;1,35720031878313e-02;ca23dg_body_thre_0.5
31;pre-IP;within_pair-across_pair;-1,59703901788312e-02;ca23dg_body_thre_0.5
32;IP;within_pair-across_pair;-1,24319304265640e-02;ca23dg_body_thre_0.5
32;pre-IP;within_pair-across_pair;-3,01121773587760e-03;ca23dg_body_thre_0.5
33;IP;within_pair-across_pair;4,41751843688146e-03;ca23dg_body_thre_0.5
33;pre-IP;within_pair-across_pair;2,72300684893425e-02;ca23dg_body_thre_0.5
35;IP;within_pair-across_pair;-6,34175468050975e-03;ca23dg_body_thre_0.5
35;pre-IP;within_pair-across_pair;6,16327537404159e-03;ca23dg_body_thre_0.5
36;IP;within_pair-across_pair;-1,01561743951792e-02;ca23dg_body_thre_0.5
36;pre-IP;within_pair-across_pair;7,12968631824534e-03;ca23dg_body_thre_0.5
1;IP;within_item-across_pair;-7,83913793550474e-03;ca23dg_body_thre_0.5
1;pre-IP;within_item-across_pair;-9,92629997465572e-03;ca23dg_body_thre_0.5
2;IP;within_item-across_pair;5,08255527680847e-03;ca23dg_body_thre_0.5
2;pre-IP;within_item-across_pair;-4,19508381975049e-02;ca23dg_body_thre_0.5
3;IP;within_item-across_pair;1,77285950913191e-02;ca23dg_body_thre_0.5
3;pre-IP;within_item-across_pair;-1,32649047897172e-02;ca23dg_body_thre_0.5
4;IP;within_item-across_pair;-1,46656776160689e-03;ca23dg_body_thre_0.5
4;pre-IP;within_item-across_pair;-3,39000834374173e-02;ca23dg_body_thre_0.5
5;IP;within_item-across_pair;4,43444464750041e-03;ca23dg_body_thre_0.5
5;pre-IP;within_item-across_pair;-5,15753656797549e-02;ca23dg_body_thre_0.5
6;IP;within_item-across_pair;2,73943278275308e-02;ca23dg_body_thre_0.5
6;pre-IP;within_item-across_pair;-7,87480479043651e-03;ca23dg_body_thre_0.5
7;IP;within_item-across_pair;-6,67692573273263e-03;ca23dg_body_thre_0.5
7;pre-IP;within_item-across_pair;1,85101271904597e-02;ca23dg_body_thre_0.5
9;IP;within_item-across_pair;-2,72113491042532e-02;ca23dg_body_thre_0.5
9;pre-IP;within_item-across_pair;-9,42500745988060e-03;ca23dg_body_thre_0.5
10;IP;within_item-across_pair;-5,91831467049466e-03;ca23dg_body_thre_0.5
10;pre-IP;within_item-across_pair;-5,51521789790535e-02;ca23dg_body_thre_0.5
11;IP;within_item-across_pair;-1,14027844184351e-02;ca23dg_body_thre_0.5
11;pre-IP;within_item-across_pair;3,12356824844771e-04;ca23dg_body_thre_0.5
12;IP;within_item-across_pair;-6,30562425037077e-03;ca23dg_body_thre_0.5
12;pre-IP;within_item-across_pair;7,02589424899710e-03;ca23dg_body_thre_0.5
13;IP;within_item-across_pair;2,80370380477269e-02;ca23dg_body_thre_0.5
13;pre-IP;within_item-across_pair;2,70819407041489e-02;ca23dg_body_thre_0.5
14;IP;within_item-across_pair;3,33435483930295e-04;ca23dg_body_thre_0.5
14;pre-IP;within_item-across_pair;-5,32423029926184e-03;ca23dg_body_thre_0.5
17;IP;within_item-across_pair;-2,31364776225438e-03;ca23dg_body_thre_0.5
17;pre-IP;within_item-across_pair;-1,09678038281791e-02;ca23dg_body_thre_0.5
18;IP;within_item-across_pair;1,52862776137551e-02;ca23dg_body_thre_0.5
18;pre-IP;within_item-across_pair;-2,87236534346506e-02;ca23dg_body_thre_0.5
19;IP;within_item-across_pair;-1,52599680723908e-02;ca23dg_body_thre_0.5
19;pre-IP;within_item-across_pair;-2,28122922980564e-02;ca23dg_body_thre_0.5
20;IP;within_item-across_pair;-4,60594799558153e-03;ca23dg_body_thre_0.5
20;pre-IP;within_item-across_pair;-3,37738144153978e-02;ca23dg_body_thre_0.5
21;IP;within_item-across_pair;-2,14979165261347e-03;ca23dg_body_thre_0.5
21;pre-IP;within_item-across_pair;-2,58467183707666e-02;ca23dg_body_thre_0.5
22;IP;within_item-across_pair;-4,30781342500724e-03;ca23dg_body_thre_0.5
22;pre-IP;within_item-across_pair;1,14504632123006e-02;ca23dg_body_thre_0.5
23;IP;within_item-across_pair;1,49999124288013e-02;ca23dg_body_thre_0.5
23;pre-IP;within_item-across_pair;-3,91962924783213e-03;ca23dg_body_thre_0.5
24;IP;within_item-across_pair;1,26344620583591e-02;ca23dg_body_thre_0.5
24;pre-IP;within_item-across_pair;-3,42036128797327e-03;ca23dg_body_thre_0.5
25;IP;within_item-across_pair;-2,00966395890710e-02;ca23dg_body_thre_0.5
25;pre-IP;within_item-across_pair;4,77810235737974e-02;ca23dg_body_thre_0.5
26;IP;within_item-across_pair;2,49235795497835e-02;ca23dg_body_thre_0.5
26;pre-IP;within_item-across_pair;-1,12940452650107e-02;ca23dg_body_thre_0.5
27;IP;within_item-across_pair;-2,00905561195212e-02;ca23dg_body_thre_0.5
27;pre-IP;within_item-across_pair;1,28971073955795e-02;ca23dg_body_thre_0.5
28;IP;within_item-across_pair;2,71375505497829e-02;ca23dg_body_thre_0.5
28;pre-IP;within_item-across_pair;6,46976133277195e-03;ca23dg_body_thre_0.5
29;IP;within_item-across_pair;-7,29473582288428e-03;ca23dg_body_thre_0.5
29;pre-IP;within_item-across_pair;9,95689836411416e-03;ca23dg_body_thre_0.5
31;IP;within_item-across_pair;-1,70296185390176e-02;ca23dg_body_thre_0.5
31;pre-IP;within_item-across_pair;1,20079629900930e-02;ca23dg_body_thre_0.5
32;IP;within_item-across_pair;7,34497617267608e-03;ca23dg_body_thre_0.5
32;pre-IP;within_item-across_pair;-8,07290643362361e-03;ca23dg_body_thre_0.5
33;IP;within_item-across_pair;-2,51501589141818e-03;ca23dg_body_thre_0.5
33;pre-IP;within_item-across_pair;-2,53724058409932e-02;ca23dg_body_thre_0.5
35;IP;within_item-across_pair;1,52786179623916e-02;ca23dg_body_thre_0.5
35;pre-IP;within_item-across_pair;2,39370783285424e-02;ca23dg_body_thre_0.5
36;IP;within_item-across_pair;-1,21334313675154e-02;ca23dg_body_thre_0.5
36;pre-IP;within_item-across_pair;-1,47637382149451e-03;ca23dg_body_thre_0.5
1;IP;within_pair-across_pair;-2,14317027933927e-02;ca1_body_thre_0.5
1;pre-IP;within_pair-across_pair;2,79400931086192e-03;ca1_body_thre_0.5
2;IP;within_pair-across_pair;-9,29638704175249e-04;ca1_body_thre_0.5
2;pre-IP;within_pair-across_pair;7,20694181263125e-03;ca1_body_thre_0.5
3;IP;within_pair-across_pair;-1,99629226693979e-02;ca1_body_thre_0.5
3;pre-IP;within_pair-across_pair;-8,75570681033081e-03;ca1_body_thre_0.5
4;IP;within_pair-across_pair;3,23317812557838e-02;ca1_body_thre_0.5
4;pre-IP;within_pair-across_pair;1,35315010763845e-02;ca1_body_thre_0.5
5;IP;within_pair-across_pair;1,28050444503434e-02;ca1_body_thre_0.5
5;pre-IP;within_pair-across_pair;4,10954025995662e-05;ca1_body_thre_0.5
6;IP;within_pair-across_pair;-1,53852476309152e-02;ca1_body_thre_0.5
6;pre-IP;within_pair-across_pair;-3,03267282211818e-02;ca1_body_thre_0.5
7;IP;within_pair-across_pair;-1,88211244535994e-02;ca1_body_thre_0.5
7;pre-IP;within_pair-across_pair;-5,80125072339556e-02;ca1_body_thre_0.5
9;IP;within_pair-across_pair;-5,94659901548264e-03;ca1_body_thre_0.5
9;pre-IP;within_pair-across_pair;2,57680881610753e-02;ca1_body_thre_0.5
10;IP;within_pair-across_pair;-1,02539505998159e-02;ca1_body_thre_0.5
10;pre-IP;within_pair-across_pair;-2,40612443083788e-03;ca1_body_thre_0.5
11;IP;within_pair-across_pair;1,44834257776301e-02;ca1_body_thre_0.5
11;pre-IP;within_pair-across_pair;8,75976728373756e-03;ca1_body_thre_0.5
12;IP;within_pair-across_pair;-1,74226681547245e-02;ca1_body_thre_0.5
12;pre-IP;within_pair-across_pair;1,57578516731395e-02;ca1_body_thre_0.5
13;IP;within_pair-across_pair;9,27188801854943e-03;ca1_body_thre_0.5
13;pre-IP;within_pair-across_pair;1,19737993308893e-02;ca1_body_thre_0.5
14;IP;within_pair-across_pair;7,57685577176740e-03;ca1_body_thre_0.5
14;pre-IP;within_pair-across_pair;3,89723441404328e-03;ca1_body_thre_0.5
17;IP;within_pair-across_pair;5,39205889426175e-03;ca1_body_thre_0.5
17;pre-IP;within_pair-across_pair;1,05743465265742e-02;ca1_body_thre_0.5
18;IP;within_pair-across_pair;1,59679582122217e-02;ca1_body_thre_0.5
18;pre-IP;within_pair-across_pair;2,80980769241287e-02;ca1_body_thre_0.5
19;IP;within_pair-across_pair;7,98306877648856e-03;ca1_body_thre_0.5
19;pre-IP;within_pair-across_pair;3,82528844092433e-03;ca1_body_thre_0.5
20;IP;within_pair-across_pair;3,65688035685491e-03;ca1_body_thre_0.5
20;pre-IP;within_pair-across_pair;2,17061943218934e-02;ca1_body_thre_0.5
21;IP;within_pair-across_pair;-1,52307461797737e-02;ca1_body_thre_0.5
21;pre-IP;within_pair-across_pair;-4,66322466908874e-03;ca1_body_thre_0.5
22;IP;within_pair-across_pair;9,98576863150538e-03;ca1_body_thre_0.5
22;pre-IP;within_pair-across_pair;-9,59796982543914e-03;ca1_body_thre_0.5
23;IP;within_pair-across_pair;2,49388781526918e-02;ca1_body_thre_0.5
23;pre-IP;within_pair-across_pair;7,08417744281259e-03;ca1_body_thre_0.5
24;IP;within_pair-across_pair;2,32738696434633e-02;ca1_body_thre_0.5
24;pre-IP;within_pair-across_pair;1,04479071300586e-02;ca1_body_thre_0.5
25;IP;within_pair-across_pair;5,55065435196953e-03;ca1_body_thre_0.5
25;pre-IP;within_pair-across_pair;-1,33114027100290e-02;ca1_body_thre_0.5
26;IP;within_pair-across_pair;1,79806747312958e-02;ca1_body_thre_0.5
26;pre-IP;within_pair-across_pair;1,92709896697117e-03;ca1_body_thre_0.5
27;IP;within_pair-across_pair;-9,32038138306410e-03;ca1_body_thre_0.5
27;pre-IP;within_pair-across_pair;2,63939320554066e-03;ca1_body_thre_0.5
28;IP;within_pair-across_pair;6,82317886185976e-03;ca1_body_thre_0.5
28;pre-IP;within_pair-across_pair;-6,30721673773393e-03;ca1_body_thre_0.5
29;IP;within_pair-across_pair;-1,97494359282542e-02;ca1_body_thre_0.5
29;pre-IP;within_pair-across_pair;4,27184244722930e-02;ca1_body_thre_0.5
31;IP;within_pair-across_pair;-2,17426018230577e-02;ca1_body_thre_0.5
31;pre-IP;within_pair-across_pair;-2,89051477646347e-02;ca1_body_thre_0.5
32;IP;within_pair-across_pair;3,84947619537212e-02;ca1_body_thre_0.5
32;pre-IP;within_pair-across_pair;1,53399640467598e-02;ca1_body_thre_0.5
33;IP;within_pair-across_pair;-5,51223089266925e-03;ca1_body_thre_0.5
33;pre-IP;within_pair-across_pair;-3,41192465776169e-02;ca1_body_thre_0.5
35;IP;within_pair-across_pair;3,03228244584982e-02;ca1_body_thre_0.5
35;pre-IP;within_pair-across_pair;2,74271505080405e-02;ca1_body_thre_0.5
36;IP;within_pair-across_pair;1,65970508255898e-02;ca1_body_thre_0.5
36;pre-IP;within_pair-across_pair;-1,22596367828879e-02;ca1_body_thre_0.5
1;IP;within_item-across_pair;-1,99462831840966e-02;ca1_body_thre_0.5
1;pre-IP;within_item-across_pair;-1,13777097962106e-02;ca1_body_thre_0.5
2;IP;within_item-across_pair;-6,35678824250362e-03;ca1_body_thre_0.5
2;pre-IP;within_item-across_pair;6,20085579022495e-03;ca1_body_thre_0.5
3;IP;within_item-across_pair;-6,42352000487106e-04;ca1_body_thre_0.5
3;pre-IP;within_item-across_pair;1,48377471694425e-02;ca1_body_thre_0.5
4;IP;within_item-across_pair;1,69977203130066e-02;ca1_body_thre_0.5
4;pre-IP;within_item-across_pair;4,58958806093652e-03;ca1_body_thre_0.5
5;IP;within_item-across_pair;7,60478748843273e-03;ca1_body_thre_0.5
5;pre-IP;within_item-across_pair;-1,56892561565463e-02;ca1_body_thre_0.5
6;IP;within_item-across_pair;7,08887976714035e-03;ca1_body_thre_0.5
6;pre-IP;within_item-across_pair;7,37939722818270e-03;ca1_body_thre_0.5
7;IP;within_item-across_pair;5,06600888025578e-03;ca1_body_thre_0.5
7;pre-IP;within_item-across_pair;-8,04972526313284e-03;ca1_body_thre_0.5
9;IP;within_item-across_pair;-9,31763449754186e-03;ca1_body_thre_0.5
9;pre-IP;within_item-across_pair;2,30937396129335e-03;ca1_body_thre_0.5
10;IP;within_item-across_pair;-3,72381988208689e-02;ca1_body_thre_0.5
10;pre-IP;within_item-across_pair;-1,57613732364798e-02;ca1_body_thre_0.5
11;IP;within_item-across_pair;1,01794994088367e-02;ca1_body_thre_0.5
11;pre-IP;within_item-across_pair;-3,30353587929567e-02;ca1_body_thre_0.5
12;IP;within_item-across_pair;6,02169276416590e-03;ca1_body_thre_0.5
12;pre-IP;within_item-across_pair;-7,08819251600159e-03;ca1_body_thre_0.5
13;IP;within_item-across_pair;-9,01039703332637e-03;ca1_body_thre_0.5
13;pre-IP;within_item-across_pair;-3,10973825924232e-03;ca1_body_thre_0.5
14;IP;within_item-across_pair;-8,04147971743641e-03;ca1_body_thre_0.5
14;pre-IP;within_item-across_pair;-1,43765133829348e-02;ca1_body_thre_0.5
17;IP;within_item-across_pair;-7,30162172768277e-03;ca1_body_thre_0.5
17;pre-IP;within_item-across_pair;8,43393137778110e-03;ca1_body_thre_0.5
18;IP;within_item-across_pair;-1,26676190425102e-03;ca1_body_thre_0.5
18;pre-IP;within_item-across_pair;4,18778741312801e-02;ca1_body_thre_0.5
19;IP;within_item-across_pair;5,46550045807124e-04;ca1_body_thre_0.5
19;pre-IP;within_item-across_pair;-2,00415806132320e-02;ca1_body_thre_0.5
20;IP;within_item-across_pair;9,13195366849278e-03;ca1_body_thre_0.5
20;pre-IP;within_item-across_pair;3,34564438325749e-03;ca1_body_thre_0.5
21;IP;within_item-across_pair;7,96180367154604e-03;ca1_body_thre_0.5
21;pre-IP;within_item-across_pair;-1,70091720883413e-02;ca1_body_thre_0.5
22;IP;within_item-across_pair;2,27481433483726e-02;ca1_body_thre_0.5
22;pre-IP;within_item-across_pair;2,87414414989058e-02;ca1_body_thre_0.5
23;IP;within_item-across_pair;2,10663957998972e-02;ca1_body_thre_0.5
23;pre-IP;within_item-across_pair;4,75420505823362e-03;ca1_body_thre_0.5
24;IP;within_item-across_pair;2,44930073725420e-02;ca1_body_thre_0.5
24;pre-IP;within_item-across_pair;-9,56613713077950e-03;ca1_body_thre_0.5
25;IP;within_item-across_pair;2,65893884712043e-02;ca1_body_thre_0.5
25;pre-IP;within_item-across_pair;1,52443389294548e-02;ca1_body_thre_0.5
26;IP;within_item-across_pair;1,86117610203577e-02;ca1_body_thre_0.5
26;pre-IP;within_item-across_pair;2,29220742177577e-03;ca1_body_thre_0.5
27;IP;within_item-across_pair;-1,93513995679340e-02;ca1_body_thre_0.5
27;pre-IP;within_item-across_pair;5,12814670220424e-04;ca1_body_thre_0.5
28;IP;within_item-across_pair;6,78813572870328e-03;ca1_body_thre_0.5
28;pre-IP;within_item-across_pair;-7,30153001043699e-03;ca1_body_thre_0.5
29;IP;within_item-across_pair;-1,03068383421382e-02;ca1_body_thre_0.5
29;pre-IP;within_item-across_pair;2,45117071659071e-02;ca1_body_thre_0.5
31;IP;within_item-across_pair;2,04830220453980e-02;ca1_body_thre_0.5
31;pre-IP;within_item-across_pair;-4,08575756899828e-02;ca1_body_thre_0.5
32;IP;within_item-across_pair;1,79115669757127e-02;ca1_body_thre_0.5
32;pre-IP;within_item-across_pair;-2,64388799777328e-02;ca1_body_thre_0.5
33;IP;within_item-across_pair;-2,65987715626746e-02;ca1_body_thre_0.5
33;pre-IP;within_item-across_pair;-1,36363521327228e-02;ca1_body_thre_0.5
35;IP;within_item-across_pair;-6,34828210861768e-04;ca1_body_thre_0.5
35;pre-IP;within_item-across_pair;-1,50740837160057e-02;ca1_body_thre_0.5
36;IP;within_item-across_pair;-1,61943871448457e-02;ca1_body_thre_0.5
36;pre-IP;within_item-across_pair;9,17886879836694e-03;ca1_body_thre_0.5
1;IP;within_pair-across_pair;-1,00347387114840e-02;ppa_avg_scene_top_300
1;pre-IP;within_pair-across_pair;-2,29174524693721e-02;ppa_avg_scene_top_300
2;IP;within_pair-across_pair;1,96812016163799e-02;ppa_avg_scene_top_300
2;pre-IP;within_pair-across_pair;-5,06519295781523e-03;ppa_avg_scene_top_300
3;IP;within_pair-across_pair;2,44759718275774e-02;ppa_avg_scene_top_300
3;pre-IP;within_pair-across_pair;2,09936207748737e-03;ppa_avg_scene_top_300
4;IP;within_pair-across_pair;2,10141535217370e-02;ppa_avg_scene_top_300
4;pre-IP;within_pair-across_pair;1,53171183549049e-02;ppa_avg_scene_top_300
5;IP;within_pair-across_pair;-1,60989772386710e-02;ppa_avg_scene_top_300
5;pre-IP;within_pair-across_pair;1,22062181125825e-02;ppa_avg_scene_top_300
6;IP;within_pair-across_pair;-5,88967650772469e-03;ppa_avg_scene_top_300
6;pre-IP;within_pair-across_pair;1,56121715005473e-02;ppa_avg_scene_top_300
7;IP;within_pair-across_pair;2,73593791267556e-02;ppa_avg_scene_top_300
7;pre-IP;within_pair-across_pair;-1,28243985577850e-03;ppa_avg_scene_top_300
9;IP;within_pair-across_pair;-5,38825919220136e-03;ppa_avg_scene_top_300
9;pre-IP;within_pair-across_pair;-8,22676615349504e-04;ppa_avg_scene_top_300
10;IP;within_pair-across_pair;1,49011918283881e-02;ppa_avg_scene_top_300
10;pre-IP;within_pair-across_pair;3,57243175070770e-02;ppa_avg_scene_top_300
11;IP;within_pair-across_pair;5,29653109079682e-03;ppa_avg_scene_top_300
11;pre-IP;within_pair-across_pair;2,53982452080674e-03;ppa_avg_scene_top_300
12;IP;within_pair-across_pair;-4,05656962809544e-03;ppa_avg_scene_top_300
12;pre-IP;within_pair-across_pair;9,12060500753196e-03;ppa_avg_scene_top_300
13;IP;within_pair-across_pair;-1,00647753340819e-02;ppa_avg_scene_top_300
13;pre-IP;within_pair-across_pair;1,18126501850173e-03;ppa_avg_scene_top_300
14;IP;within_pair-across_pair;-2,10667900820667e-02;ppa_avg_scene_top_300
14;pre-IP;within_pair-across_pair;5,23588645710924e-05;ppa_avg_scene_top_300
17;IP;within_pair-across_pair;7,70112118068802e-03;ppa_avg_scene_top_300
17;pre-IP;within_pair-across_pair;-1,65771084842818e-03;ppa_avg_scene_top_300
18;IP;within_pair-across_pair;-4,18679953654449e-03;ppa_avg_scene_top_300
18;pre-IP;within_pair-across_pair;-9,65432953482590e-05;ppa_avg_scene_top_300
19;IP;within_pair-across_pair;-8,26143544426127e-03;ppa_avg_scene_top_300
19;pre-IP;within_pair-across_pair;-8,14503477899633e-03;ppa_avg_scene_top_300
20;IP;within_pair-across_pair;-4,22336933452408e-04;ppa_avg_scene_top_300
20;pre-IP;within_pair-across_pair;1,58369393323672e-04;ppa_avg_scene_top_300
21;IP;within_pair-across_pair;8,56046975166038e-03;ppa_avg_scene_top_300
21;pre-IP;within_pair-across_pair;-8,31311719358501e-03;ppa_avg_scene_top_300
22;IP;within_pair-across_pair;2,45094263230103e-03;ppa_avg_scene_top_300
22;pre-IP;within_pair-across_pair;1,08579723639017e-02;ppa_avg_scene_top_300
23;IP;within_pair-across_pair;2,46058765559598e-02;ppa_avg_scene_top_300
23;pre-IP;within_pair-across_pair;7,85614276233432e-03;ppa_avg_scene_top_300
24;IP;within_pair-across_pair;6,04241679360441e-04;ppa_avg_scene_top_300
24;pre-IP;within_pair-across_pair;-1,48897136682703e-02;ppa_avg_scene_top_300
25;IP;within_pair-across_pair;1,89611732518559e-02;ppa_avg_scene_top_300
25;pre-IP;within_pair-across_pair;7,81645883513374e-03;ppa_avg_scene_top_300
26;IP;within_pair-across_pair;7,90445938731720e-03;ppa_avg_scene_top_300
26;pre-IP;within_pair-across_pair;-1,81600807924662e-02;ppa_avg_scene_top_300
27;IP;within_pair-across_pair;1,98021075050888e-03;ppa_avg_scene_top_300
27;pre-IP;within_pair-across_pair;-7,59246158945827e-04;ppa_avg_scene_top_300
28;IP;within_pair-across_pair;9,66816624738612e-03;ppa_avg_scene_top_300
28;pre-IP;within_pair-across_pair;3,82186682034647e-03;ppa_avg_scene_top_300
29;IP;within_pair-across_pair;1,13907573274111e-02;ppa_avg_scene_top_300
29;pre-IP;within_pair-across_pair;3,26818871129494e-02;ppa_avg_scene_top_300
31;IP;within_pair-across_pair;5,69700977403876e-03;ppa_avg_scene_top_300
31;pre-IP;within_pair-across_pair;4,26660865796991e-03;ppa_avg_scene_top_300
32;IP;within_pair-across_pair;2,99090288618910e-03;ppa_avg_scene_top_300
32;pre-IP;within_pair-across_pair;2,03090050473755e-02;ppa_avg_scene_top_300
33;IP;within_pair-across_pair;2,67125411933144e-03;ppa_avg_scene_top_300
33;pre-IP;within_pair-across_pair;-6,04111061534852e-03;ppa_avg_scene_top_300
35;IP;within_pair-across_pair;7,00293525356757e-04;ppa_avg_scene_top_300
35;pre-IP;within_pair-across_pair;7,41304389352157e-03;ppa_avg_scene_top_300
36;IP;within_pair-across_pair;-7,26871749085914e-04;ppa_avg_scene_top_300
36;pre-IP;within_pair-across_pair;-5,63709512989506e-03;ppa_avg_scene_top_300
1;IP;within_item-across_pair;2,72141470954518e-02;ppa_avg_scene_top_300
1;pre-IP;within_item-across_pair;-8,66774209152230e-03;ppa_avg_scene_top_300
2;IP;within_item-across_pair;3,67116001848175e-04;ppa_avg_scene_top_300
2;pre-IP;within_item-across_pair;-2,81758333910017e-02;ppa_avg_scene_top_300
3;IP;within_item-across_pair;4,36546457220167e-03;ppa_avg_scene_top_300
3;pre-IP;within_item-across_pair;6,87532842622932e-03;ppa_avg_scene_top_300
4;IP;within_item-across_pair;6,09119415806063e-03;ppa_avg_scene_top_300
4;pre-IP;within_item-across_pair;-3,75254327016103e-03;ppa_avg_scene_top_300
5;IP;within_item-across_pair;2,32792973662329e-02;ppa_avg_scene_top_300
5;pre-IP;within_item-across_pair;-2,83667317337250e-03;ppa_avg_scene_top_300
6;IP;within_item-across_pair;2,99772852051744e-02;ppa_avg_scene_top_300
6;pre-IP;within_item-across_pair;1,25555031426692e-02;ppa_avg_scene_top_300
7;IP;within_item-across_pair;-1,52096247865265e-02;ppa_avg_scene_top_300
7;pre-IP;within_item-across_pair;-7,27670375625850e-03;ppa_avg_scene_top_300
9;IP;within_item-across_pair;1,18357383386335e-02;ppa_avg_scene_top_300
9;pre-IP;within_item-across_pair;-1,65556834675586e-02;ppa_avg_scene_top_300
10;IP;within_item-across_pair;-5,33999012546671e-03;ppa_avg_scene_top_300
10;pre-IP;within_item-across_pair;-3,09787610935122e-03;ppa_avg_scene_top_300
11;IP;within_item-across_pair;4,39550926507290e-03;ppa_avg_scene_top_300
11;pre-IP;within_item-across_pair;1,64636167432442e-02;ppa_avg_scene_top_300
12;IP;within_item-across_pair;-2,02263735259759e-02;ppa_avg_scene_top_300
12;pre-IP;within_item-across_pair;-7,79007233349639e-03;ppa_avg_scene_top_300
13;IP;within_item-across_pair;-6,18533193133542e-03;ppa_avg_scene_top_300
13;pre-IP;within_item-across_pair;2,28649067866772e-02;ppa_avg_scene_top_300
14;IP;within_item-across_pair;-1,36502381568176e-02;ppa_avg_scene_top_300
14;pre-IP;within_item-across_pair;2,09175182143086e-02;ppa_avg_scene_top_300
17;IP;within_item-across_pair;1,11236650104431e-02;ppa_avg_scene_top_300
17;pre-IP;within_item-across_pair;-2,18085059213448e-02;ppa_avg_scene_top_300
18;IP;within_item-across_pair;3,60424133648004e-03;ppa_avg_scene_top_300
18;pre-IP;within_item-across_pair;-1,36899476876997e-02;ppa_avg_scene_top_300
19;IP;within_item-across_pair;-2,64084197475224e-03;ppa_avg_scene_top_300
19;pre-IP;within_item-across_pair;-1,16384989047702e-02;ppa_avg_scene_top_300
20;IP;within_item-across_pair;-9,49233836921964e-03;ppa_avg_scene_top_300
20;pre-IP;within_item-across_pair;-1,94070300763450e-02;ppa_avg_scene_top_300
21;IP;within_item-across_pair;-1,84344216455541e-03;ppa_avg_scene_top_300
21;pre-IP;within_item-across_pair;-2,35815846515946e-02;ppa_avg_scene_top_300
22;IP;within_item-across_pair;-3,01298809213577e-03;ppa_avg_scene_top_300
22;pre-IP;within_item-across_pair;1,16750928133796e-02;ppa_avg_scene_top_300
23;IP;within_item-across_pair;1,57222188989043e-02;ppa_avg_scene_top_300
23;pre-IP;within_item-across_pair;1,60861568612645e-02;ppa_avg_scene_top_300
24;IP;within_item-across_pair;-7,05751064133174e-03;ppa_avg_scene_top_300
24;pre-IP;within_item-across_pair;-1,69051462565924e-02;ppa_avg_scene_top_300
25;IP;within_item-across_pair;5,41107389895481e-03;ppa_avg_scene_top_300
25;pre-IP;within_item-across_pair;8,34400959825458e-03;ppa_avg_scene_top_300
26;IP;within_item-across_pair;3,05119044675988e-03;ppa_avg_scene_top_300
26;pre-IP;within_item-across_pair;-2,35520761206238e-02;ppa_avg_scene_top_300
27;IP;within_item-across_pair;-7,02979232522141e-03;ppa_avg_scene_top_300
27;pre-IP;within_item-across_pair;-2,70657706499627e-02;ppa_avg_scene_top_300
28;IP;within_item-across_pair;2,10797079638121e-03;ppa_avg_scene_top_300
28;pre-IP;within_item-across_pair;9,30062894570309e-03;ppa_avg_scene_top_300
29;IP;within_item-across_pair;-5,65044212989268e-03;ppa_avg_scene_top_300
29;pre-IP;within_item-across_pair;-1,97550791759722e-02;ppa_avg_scene_top_300
31;IP;within_item-across_pair;-2,99271365906731e-04;ppa_avg_scene_top_300
31;pre-IP;within_item-across_pair;5,08530522523241e-03;ppa_avg_scene_top_300
32;IP;within_item-across_pair;-6,45632682935258e-03;ppa_avg_scene_top_300
32;pre-IP;within_item-across_pair;1,51340478008660e-03;ppa_avg_scene_top_300
33;IP;within_item-across_pair;6,65211364225675e-03;ppa_avg_scene_top_300
33;pre-IP;within_item-across_pair;-8,01811613956191e-03;ppa_avg_scene_top_300
35;IP;within_item-across_pair;1,95763597285728e-02;ppa_avg_scene_top_300
35;pre-IP;within_item-across_pair;1,72761322372214e-02;ppa_avg_scene_top_300
36;IP;within_item-across_pair;3,15786305396877e-03;ppa_avg_scene_top_300
36;pre-IP;within_item-across_pair;-6,01138526776386e-03;ppa_avg_scene_top_300
1;IP;within_pair-across_pair;-1,41721746927756e-02;evc_avg_all_top_300
1;pre-IP;within_pair-across_pair;1,92174230727710e-02;evc_avg_all_top_300
2;IP;within_pair-across_pair;2,91918369003848e-02;evc_avg_all_top_300
2;pre-IP;within_pair-across_pair;-9,47251299482310e-03;evc_avg_all_top_300
3;IP;within_pair-across_pair;-7,56881442814700e-03;evc_avg_all_top_300
3;pre-IP;within_pair-across_pair;-2,19998129392849e-03;evc_avg_all_top_300
4;IP;within_pair-across_pair;2,06180412530838e-03;evc_avg_all_top_300
4;pre-IP;within_pair-across_pair;2,53873123710676e-02;evc_avg_all_top_300
5;IP;within_pair-across_pair;-1,89927239108132e-02;evc_avg_all_top_300
5;pre-IP;within_pair-across_pair;9,76386885752395e-03;evc_avg_all_top_300
6;IP;within_pair-across_pair;3,21100692157974e-02;evc_avg_all_top_300
6;pre-IP;within_pair-across_pair;1,24776825756482e-02;evc_avg_all_top_300
7;IP;within_pair-across_pair;4,10914768844615e-03;evc_avg_all_top_300
7;pre-IP;within_pair-across_pair;8,43257266306089e-03;evc_avg_all_top_300
9;IP;within_pair-across_pair;-1,73430761280676e-02;evc_avg_all_top_300
9;pre-IP;within_pair-across_pair;-3,44736482735410e-03;evc_avg_all_top_300
10;IP;within_pair-across_pair;4,32611120040866e-02;evc_avg_all_top_300
10;pre-IP;within_pair-across_pair;2,96824028587976e-02;evc_avg_all_top_300
11;IP;within_pair-across_pair;5,16156305907866e-04;evc_avg_all_top_300
11;pre-IP;within_pair-across_pair;-1,57829747688256e-02;evc_avg_all_top_300
12;IP;within_pair-across_pair;-7,81538362504543e-03;evc_avg_all_top_300
12;pre-IP;within_pair-across_pair;1,61536706843290e-02;evc_avg_all_top_300
13;IP;within_pair-across_pair;-5,94665947550258e-03;evc_avg_all_top_300
13;pre-IP;within_pair-across_pair;-6,34854514386329e-03;evc_avg_all_top_300
14;IP;within_pair-across_pair;-1,53654406487504e-02;evc_avg_all_top_300
14;pre-IP;within_pair-across_pair;-4,86679452561461e-03;evc_avg_all_top_300
17;IP;within_pair-across_pair;-7,82780110825292e-03;evc_avg_all_top_300
17;pre-IP;within_pair-across_pair;-5,32352964266693e-03;evc_avg_all_top_300
18;IP;within_pair-across_pair;-1,32526967547532e-02;evc_avg_all_top_300
18;pre-IP;within_pair-across_pair;1,26190673501499e-03;evc_avg_all_top_300
19;IP;within_pair-across_pair;1,53023584141468e-03;evc_avg_all_top_300
19;pre-IP;within_pair-across_pair;-3,23877736616522e-03;evc_avg_all_top_300
20;IP;within_pair-across_pair;-6,22130561692609e-03;evc_avg_all_top_300
20;pre-IP;within_pair-across_pair;-1,21014067575425e-02;evc_avg_all_top_300
21;IP;within_pair-across_pair;-2,03641727761020e-02;evc_avg_all_top_300
21;pre-IP;within_pair-across_pair;7,74305846528574e-02;evc_avg_all_top_300
22;IP;within_pair-across_pair;-6,97372506028686e-03;evc_avg_all_top_300
22;pre-IP;within_pair-across_pair;1,75366053398809e-02;evc_avg_all_top_300
23;IP;within_pair-across_pair;1,13461402028507e-02;evc_avg_all_top_300
23;pre-IP;within_pair-across_pair;1,11986098817401e-02;evc_avg_all_top_300
24;IP;within_pair-across_pair;1,18220882706419e-02;evc_avg_all_top_300
24;pre-IP;within_pair-across_pair;-1,10685318592426e-02;evc_avg_all_top_300
25;IP;within_pair-across_pair;-1,08528061661904e-02;evc_avg_all_top_300
25;pre-IP;within_pair-across_pair;-1,19578609412215e-02;evc_avg_all_top_300
26;IP;within_pair-across_pair;1,45881863782332e-02;evc_avg_all_top_300
26;pre-IP;within_pair-across_pair;-2,34112691772825e-02;evc_avg_all_top_300
27;IP;within_pair-across_pair;3,59074955492262e-03;evc_avg_all_top_300
27;pre-IP;within_pair-across_pair;1,25073285177070e-02;evc_avg_all_top_300
28;IP;within_pair-across_pair;1,96984348981603e-02;evc_avg_all_top_300
28;pre-IP;within_pair-across_pair;-2,15755177538886e-03;evc_avg_all_top_300
29;IP;within_pair-across_pair;-9,92464420619056e-03;evc_avg_all_top_300
29;pre-IP;within_pair-across_pair;2,81006366228779e-02;evc_avg_all_top_300
31;IP;within_pair-across_pair;1,26721913092201e-02;evc_avg_all_top_300
31;pre-IP;within_pair-across_pair;-2,36993921420067e-03;evc_avg_all_top_300
32;IP;within_pair-across_pair;1,15145213468669e-02;evc_avg_all_top_300
32;pre-IP;within_pair-across_pair;-1,57146434104916e-02;evc_avg_all_top_300
33;IP;within_pair-across_pair;-1,13384834278623e-02;evc_avg_all_top_300
33;pre-IP;within_pair-across_pair;-1,90760089832128e-02;evc_avg_all_top_300
35;IP;within_pair-across_pair;4,74840136268295e-03;evc_avg_all_top_300
35;pre-IP;within_pair-across_pair;1,33807075804652e-02;evc_avg_all_top_300
36;IP;within_pair-across_pair;-6,03037882292673e-02;evc_avg_all_top_300
36;pre-IP;within_pair-across_pair;1,49428918070336e-02;evc_avg_all_top_300
1;IP;within_item-across_pair;-1,90925708637859e-02;evc_avg_all_top_300
1;pre-IP;within_item-across_pair;-9,96242711457053e-03;evc_avg_all_top_300
2;IP;within_item-across_pair;5,29751968777812e-02;evc_avg_all_top_300
2;pre-IP;within_item-across_pair;-1,90870302435726e-02;evc_avg_all_top_300
3;IP;within_item-across_pair;4,20363171682022e-03;evc_avg_all_top_300
3;pre-IP;within_item-across_pair;-5,81492282454918e-03;evc_avg_all_top_300
4;IP;within_item-across_pair;1,32945815159692e-02;evc_avg_all_top_300
4;pre-IP;within_item-across_pair;-2,25839093706478e-03;evc_avg_all_top_300
5;IP;within_item-across_pair;4,41449089266849e-03;evc_avg_all_top_300
5;pre-IP;within_item-across_pair;1,37350468808713e-02;evc_avg_all_top_300
6;IP;within_item-across_pair;4,94267604184596e-02;evc_avg_all_top_300
6;pre-IP;within_item-across_pair;3,31653671500376e-02;evc_avg_all_top_300
7;IP;within_item-across_pair;-8,50343365539112e-03;evc_avg_all_top_300
7;pre-IP;within_item-across_pair;8,67807691399682e-03;evc_avg_all_top_300
9;IP;within_item-across_pair;-3,35997121000775e-03;evc_avg_all_top_300
9;pre-IP;within_item-across_pair;-3,86946487306589e-03;evc_avg_all_top_300
10;IP;within_item-across_pair;4,42219200542641e-02;evc_avg_all_top_300
10;pre-IP;within_item-across_pair;-4,15104574351251e-03;evc_avg_all_top_300
11;IP;within_item-across_pair;5,45708639215424e-03;evc_avg_all_top_300
11;pre-IP;within_item-across_pair;-2,44131163777394e-03;evc_avg_all_top_300
12;IP;within_item-across_pair;-1,12765614522927e-02;evc_avg_all_top_300
12;pre-IP;within_item-across_pair;1,79891012056499e-02;evc_avg_all_top_300
13;IP;within_item-across_pair;1,46482880893236e-02;evc_avg_all_top_300
13;pre-IP;within_item-across_pair;-9,53297100593807e-03;evc_avg_all_top_300
14;IP;within_item-across_pair;-8,17554879388688e-04;evc_avg_all_top_300
14;pre-IP;within_item-across_pair;1,21492072169360e-02;evc_avg_all_top_300
17;IP;within_item-across_pair;1,57525184778258e-02;evc_avg_all_top_300
17;pre-IP;within_item-across_pair;-5,08111328595233e-05;evc_avg_all_top_300
18;IP;within_item-across_pair;1,59327907688031e-02;evc_avg_all_top_300
18;pre-IP;within_item-across_pair;5,59464224316912e-03;evc_avg_all_top_300
19;IP;within_item-across_pair;9,91654576801709e-04;evc_avg_all_top_300
19;pre-IP;within_item-across_pair;1,21537885390841e-02;evc_avg_all_top_300
20;IP;within_item-across_pair;-2,10601114589667e-02;evc_avg_all_top_300
20;pre-IP;within_item-across_pair;-4,08895566715972e-02;evc_avg_all_top_300
21;IP;within_item-across_pair;-5,16762730920627e-03;evc_avg_all_top_300
21;pre-IP;within_item-across_pair;-5,11264537438064e-03;evc_avg_all_top_300
22;IP;within_item-across_pair;9,79406218228264e-03;evc_avg_all_top_300
22;pre-IP;within_item-across_pair;1,52942058692548e-02;evc_avg_all_top_300
23;IP;within_item-across_pair;1,18625843296879e-02;evc_avg_all_top_300
23;pre-IP;within_item-across_pair;7,55964365645406e-03;evc_avg_all_top_300
24;IP;within_item-across_pair;-9,22886041511847e-04;evc_avg_all_top_300
24;pre-IP;within_item-across_pair;8,32398133376579e-03;evc_avg_all_top_300
25;IP;within_item-across_pair;2,39249409427315e-02;evc_avg_all_top_300
25;pre-IP;within_item-across_pair;2,27789843116560e-02;evc_avg_all_top_300
26;IP;within_item-across_pair;-1,23591710750656e-03;evc_avg_all_top_300
26;pre-IP;within_item-across_pair;-1,41720823341130e-02;evc_avg_all_top_300
27;IP;within_item-across_pair;-2,81456883708861e-03;evc_avg_all_top_300
27;pre-IP;within_item-across_pair;5,02227529713055e-03;evc_avg_all_top_300
28;IP;within_item-across_pair;2,23006180880698e-02;evc_avg_all_top_300
28;pre-IP;within_item-across_pair;8,62511697469965e-03;evc_avg_all_top_300
29;IP;within_item-across_pair;7,05046631687407e-03;evc_avg_all_top_300
29;pre-IP;within_item-across_pair;-1,70135726499584e-02;evc_avg_all_top_300
31;IP;within_item-across_pair;-3,54058962026971e-02;evc_avg_all_top_300
31;pre-IP;within_item-across_pair;-7,90282826058144e-03;evc_avg_all_top_300
32;IP;within_item-across_pair;-1,37938322204036e-02;evc_avg_all_top_300
32;pre-IP;within_item-across_pair;2,57068511558704e-03;evc_avg_all_top_300
33;IP;within_item-across_pair;1,32575338525093e-02;evc_avg_all_top_300
33;pre-IP;within_item-across_pair;1,60242370073211e-02;evc_avg_all_top_300
35;IP;within_item-across_pair;1,37791749351664e-02;evc_avg_all_top_300
35;pre-IP;within_item-across_pair;1,51136351013058e-02;evc_avg_all_top_300
36;IP;within_item-across_pair;9,24404507939133e-03;evc_avg_all_top_300
36;pre-IP;within_item-across_pair;2,28804884619219e-02;evc_avg_all_top_300
