"";"sub";"run";"obj";"type";"z";"roi"
"1";1;"learned";"first";"within_pair-across_pair";-0,0089302483452132;"ca23dg_body_thre_0.5"
"2";1;"learned";"last";"within_pair-across_pair";-0,0146612655089488;"ca23dg_body_thre_0.5"
"3";1;"pre-learned";"first";"within_pair-across_pair";-0,0154772396562674;"ca23dg_body_thre_0.5"
"4";1;"pre-learned";"last";"within_pair-across_pair";-0,0126086116894218;"ca23dg_body_thre_0.5"
"5";2;"learned";"first";"within_pair-across_pair";0,00587253977898359;"ca23dg_body_thre_0.5"
"6";2;"learned";"last";"within_pair-across_pair";-0,0349084809421932;"ca23dg_body_thre_0.5"
"7";2;"pre-learned";"first";"within_pair-across_pair";-0,00393375567345409;"ca23dg_body_thre_0.5"
"8";2;"pre-learned";"last";"within_pair-across_pair";0,00683356640222378;"ca23dg_body_thre_0.5"
"9";3;"learned";"first";"within_pair-across_pair";0,0402245141189977;"ca23dg_body_thre_0.5"
"10";3;"learned";"last";"within_pair-across_pair";-0,00864527487294746;"ca23dg_body_thre_0.5"
"11";3;"pre-learned";"first";"within_pair-across_pair";-0,00752371678528624;"ca23dg_body_thre_0.5"
"12";3;"pre-learned";"last";"within_pair-across_pair";0,0224533407854954;"ca23dg_body_thre_0.5"
"13";4;"learned";"first";"within_pair-across_pair";-0,00937685307492902;"ca23dg_body_thre_0.5"
"14";4;"learned";"last";"within_pair-across_pair";0,0374136196516192;"ca23dg_body_thre_0.5"
"15";4;"pre-learned";"first";"within_pair-across_pair";-0,00497943038294494;"ca23dg_body_thre_0.5"
"16";4;"pre-learned";"last";"within_pair-across_pair";-0,0261360488902698;"ca23dg_body_thre_0.5"
"17";5;"learned";"first";"within_pair-across_pair";-0,0221646414490731;"ca23dg_body_thre_0.5"
"18";5;"learned";"last";"within_pair-across_pair";0,0313911727427542;"ca23dg_body_thre_0.5"
"19";5;"pre-learned";"first";"within_pair-across_pair";0,0022891103042641;"ca23dg_body_thre_0.5"
"20";5;"pre-learned";"last";"within_pair-across_pair";0,00482188554773508;"ca23dg_body_thre_0.5"
"21";6;"learned";"first";"within_pair-across_pair";0,0179800930522348;"ca23dg_body_thre_0.5"
"22";6;"learned";"last";"within_pair-across_pair";0,00942045936216706;"ca23dg_body_thre_0.5"
"23";6;"pre-learned";"first";"within_pair-across_pair";0,00349751353880913;"ca23dg_body_thre_0.5"
"24";6;"pre-learned";"last";"within_pair-across_pair";0,0180282901591781;"ca23dg_body_thre_0.5"
"25";7;"learned";"first";"within_pair-across_pair";-0,011651759853284;"ca23dg_body_thre_0.5"
"26";7;"learned";"last";"within_pair-across_pair";-0,0285589880329585;"ca23dg_body_thre_0.5"
"27";7;"pre-learned";"first";"within_pair-across_pair";0,0164844701130527;"ca23dg_body_thre_0.5"
"28";7;"pre-learned";"last";"within_pair-across_pair";0,00997966189375967;"ca23dg_body_thre_0.5"
"29";9;"learned";"first";"within_pair-across_pair";-0,0249503543100171;"ca23dg_body_thre_0.5"
"30";9;"learned";"last";"within_pair-across_pair";-0,0322593077498058;"ca23dg_body_thre_0.5"
"31";9;"pre-learned";"first";"within_pair-across_pair";0,0116645598259487;"ca23dg_body_thre_0.5"
"32";9;"pre-learned";"last";"within_pair-across_pair";0,0175767181818796;"ca23dg_body_thre_0.5"
"33";10;"learned";"first";"within_pair-across_pair";-0,01314842649466;"ca23dg_body_thre_0.5"
"34";10;"learned";"last";"within_pair-across_pair";-0,0204208195703229;"ca23dg_body_thre_0.5"
"35";10;"pre-learned";"first";"within_pair-across_pair";0,017077902236158;"ca23dg_body_thre_0.5"
"36";10;"pre-learned";"last";"within_pair-across_pair";-0,00999063063633199;"ca23dg_body_thre_0.5"
"37";11;"learned";"first";"within_pair-across_pair";-0,0150550344589184;"ca23dg_body_thre_0.5"
"38";11;"learned";"last";"within_pair-across_pair";-0,0241576523963071;"ca23dg_body_thre_0.5"
"39";11;"pre-learned";"first";"within_pair-across_pair";0,0588438699677108;"ca23dg_body_thre_0.5"
"40";11;"pre-learned";"last";"within_pair-across_pair";-0,00396935800099632;"ca23dg_body_thre_0.5"
"41";12;"learned";"first";"within_pair-across_pair";-0,0125576353727208;"ca23dg_body_thre_0.5"
"42";12;"learned";"last";"within_pair-across_pair";-0,0120656030265134;"ca23dg_body_thre_0.5"
"43";12;"pre-learned";"first";"within_pair-across_pair";0,00309176709052276;"ca23dg_body_thre_0.5"
"44";12;"pre-learned";"last";"within_pair-across_pair";0,00761074904447556;"ca23dg_body_thre_0.5"
"45";13;"learned";"first";"within_pair-across_pair";-0,0212391561339189;"ca23dg_body_thre_0.5"
"46";13;"learned";"last";"within_pair-across_pair";-0,00881501188021869;"ca23dg_body_thre_0.5"
"47";13;"pre-learned";"first";"within_pair-across_pair";0,0264259861379868;"ca23dg_body_thre_0.5"
"48";13;"pre-learned";"last";"within_pair-across_pair";-0,00116181831795496;"ca23dg_body_thre_0.5"
"49";14;"learned";"first";"within_pair-across_pair";0,0291759048737754;"ca23dg_body_thre_0.5"
"50";14;"learned";"last";"within_pair-across_pair";-0,0320547677945852;"ca23dg_body_thre_0.5"
"51";14;"pre-learned";"first";"within_pair-across_pair";0,00364361302765454;"ca23dg_body_thre_0.5"
"52";14;"pre-learned";"last";"within_pair-across_pair";-0,0080515602425495;"ca23dg_body_thre_0.5"
"53";17;"learned";"first";"within_pair-across_pair";0,0252735494407917;"ca23dg_body_thre_0.5"
"54";17;"learned";"last";"within_pair-across_pair";0,0213272908479508;"ca23dg_body_thre_0.5"
"55";17;"pre-learned";"first";"within_pair-across_pair";0,0114459949805615;"ca23dg_body_thre_0.5"
"56";17;"pre-learned";"last";"within_pair-across_pair";0,019094293712588;"ca23dg_body_thre_0.5"
"57";18;"learned";"first";"within_pair-across_pair";0,0175627327731527;"ca23dg_body_thre_0.5"
"58";18;"learned";"last";"within_pair-across_pair";0,0230359335155955;"ca23dg_body_thre_0.5"
"59";18;"pre-learned";"first";"within_pair-across_pair";0,0139487429759176;"ca23dg_body_thre_0.5"
"60";18;"pre-learned";"last";"within_pair-across_pair";0,00991374009500277;"ca23dg_body_thre_0.5"
"61";19;"learned";"first";"within_pair-across_pair";-0,0256146602894074;"ca23dg_body_thre_0.5"
"62";19;"learned";"last";"within_pair-across_pair";-0,0205999865527234;"ca23dg_body_thre_0.5"
"63";19;"pre-learned";"first";"within_pair-across_pair";-0,0163321085187439;"ca23dg_body_thre_0.5"
"64";19;"pre-learned";"last";"within_pair-across_pair";0,000545512717982415;"ca23dg_body_thre_0.5"
"65";20;"learned";"first";"within_pair-across_pair";0,00395272963891074;"ca23dg_body_thre_0.5"
"66";20;"learned";"last";"within_pair-across_pair";0,0217469924166928;"ca23dg_body_thre_0.5"
"67";20;"pre-learned";"first";"within_pair-across_pair";-0,0336137216697431;"ca23dg_body_thre_0.5"
"68";20;"pre-learned";"last";"within_pair-across_pair";-0,024864281870523;"ca23dg_body_thre_0.5"
"69";21;"learned";"first";"within_pair-across_pair";-0,0208345728190388;"ca23dg_body_thre_0.5"
"70";21;"learned";"last";"within_pair-across_pair";0,0234407883956558;"ca23dg_body_thre_0.5"
"71";21;"pre-learned";"first";"within_pair-across_pair";-0,0387862403532072;"ca23dg_body_thre_0.5"
"72";21;"pre-learned";"last";"within_pair-across_pair";0,0258823733811041;"ca23dg_body_thre_0.5"
"73";22;"learned";"first";"within_pair-across_pair";0,00399986653742726;"ca23dg_body_thre_0.5"
"74";22;"learned";"last";"within_pair-across_pair";-0,0222516810135032;"ca23dg_body_thre_0.5"
"75";22;"pre-learned";"first";"within_pair-across_pair";0,00421932288838992;"ca23dg_body_thre_0.5"
"76";22;"pre-learned";"last";"within_pair-across_pair";0,00784708863482727;"ca23dg_body_thre_0.5"
"77";23;"learned";"first";"within_pair-across_pair";-0,0148328409187205;"ca23dg_body_thre_0.5"
"78";23;"learned";"last";"within_pair-across_pair";-0,0109043639048579;"ca23dg_body_thre_0.5"
"79";23;"pre-learned";"first";"within_pair-across_pair";-0,0212503320528992;"ca23dg_body_thre_0.5"
"80";23;"pre-learned";"last";"within_pair-across_pair";0,00144541442835236;"ca23dg_body_thre_0.5"
"81";24;"learned";"first";"within_pair-across_pair";-0,0208964105503148;"ca23dg_body_thre_0.5"
"82";24;"learned";"last";"within_pair-across_pair";0,00997336586160993;"ca23dg_body_thre_0.5"
"83";24;"pre-learned";"first";"within_pair-across_pair";0,0163429183605358;"ca23dg_body_thre_0.5"
"84";24;"pre-learned";"last";"within_pair-across_pair";-0,0014294627892212;"ca23dg_body_thre_0.5"
"85";25;"learned";"first";"within_pair-across_pair";-0,00772660874304251;"ca23dg_body_thre_0.5"
"86";25;"learned";"last";"within_pair-across_pair";-0,00352831742538165;"ca23dg_body_thre_0.5"
"87";25;"pre-learned";"first";"within_pair-across_pair";0,0235839456177398;"ca23dg_body_thre_0.5"
"88";25;"pre-learned";"last";"within_pair-across_pair";0,0161991255543762;"ca23dg_body_thre_0.5"
"89";26;"learned";"first";"within_pair-across_pair";-0,00358576239154599;"ca23dg_body_thre_0.5"
"90";26;"learned";"last";"within_pair-across_pair";0,0109454274050164;"ca23dg_body_thre_0.5"
"91";26;"pre-learned";"first";"within_pair-across_pair";-0,00133548284216484;"ca23dg_body_thre_0.5"
"92";26;"pre-learned";"last";"within_pair-across_pair";-0,00500065991986311;"ca23dg_body_thre_0.5"
"93";27;"learned";"first";"within_pair-across_pair";-0,00785772457105437;"ca23dg_body_thre_0.5"
"94";27;"learned";"last";"within_pair-across_pair";-0,00486305562640287;"ca23dg_body_thre_0.5"
"95";27;"pre-learned";"first";"within_pair-across_pair";0,0179442379852528;"ca23dg_body_thre_0.5"
"96";27;"pre-learned";"last";"within_pair-across_pair";0,00760101917879223;"ca23dg_body_thre_0.5"
"97";28;"learned";"first";"within_pair-across_pair";-0,00663415214278409;"ca23dg_body_thre_0.5"
"98";28;"learned";"last";"within_pair-across_pair";-0,00937075944889622;"ca23dg_body_thre_0.5"
"99";28;"pre-learned";"first";"within_pair-across_pair";0,00288422142388122;"ca23dg_body_thre_0.5"
"100";28;"pre-learned";"last";"within_pair-across_pair";0,0115608021399507;"ca23dg_body_thre_0.5"
"101";29;"learned";"first";"within_pair-across_pair";0,00929874841553658;"ca23dg_body_thre_0.5"
"102";29;"learned";"last";"within_pair-across_pair";-0,0521175502815136;"ca23dg_body_thre_0.5"
"103";29;"pre-learned";"first";"within_pair-across_pair";-0,0366765170164561;"ca23dg_body_thre_0.5"
"104";29;"pre-learned";"last";"within_pair-across_pair";0,00921976498342269;"ca23dg_body_thre_0.5"
"105";31;"learned";"first";"within_pair-across_pair";-0,00659198786186119;"ca23dg_body_thre_0.5"
"106";31;"learned";"last";"within_pair-across_pair";0,0257835865484691;"ca23dg_body_thre_0.5"
"107";31;"pre-learned";"first";"within_pair-across_pair";-0,0293638658882945;"ca23dg_body_thre_0.5"
"108";31;"pre-learned";"last";"within_pair-across_pair";0,00949151852501232;"ca23dg_body_thre_0.5"
"109";32;"learned";"first";"within_pair-across_pair";-0,0303419577313024;"ca23dg_body_thre_0.5"
"110";32;"learned";"last";"within_pair-across_pair";0,00899713605800593;"ca23dg_body_thre_0.5"
"111";32;"pre-learned";"first";"within_pair-across_pair";0,0102588706620502;"ca23dg_body_thre_0.5"
"112";32;"pre-learned";"last";"within_pair-across_pair";-0,0120560845985528;"ca23dg_body_thre_0.5"
"113";33;"learned";"first";"within_pair-across_pair";0,00494859888431199;"ca23dg_body_thre_0.5"
"114";33;"learned";"last";"within_pair-across_pair";-0,0011800843614629;"ca23dg_body_thre_0.5"
"115";33;"pre-learned";"first";"within_pair-across_pair";0,0260421306897774;"ca23dg_body_thre_0.5"
"116";33;"pre-learned";"last";"within_pair-across_pair";0,0114384030608507;"ca23dg_body_thre_0.5"
"117";35;"learned";"first";"within_pair-across_pair";0,00440762404317786;"ca23dg_body_thre_0.5"
"118";35;"learned";"last";"within_pair-across_pair";-0,0157262809868181;"ca23dg_body_thre_0.5"
"119";35;"pre-learned";"first";"within_pair-across_pair";-0,00524713150410697;"ca23dg_body_thre_0.5"
"120";35;"pre-learned";"last";"within_pair-across_pair";0,0159007207700274;"ca23dg_body_thre_0.5"
"121";36;"learned";"first";"within_pair-across_pair";-0,0147244398854222;"ca23dg_body_thre_0.5"
"122";36;"learned";"last";"within_pair-across_pair";0,00115034268093486;"ca23dg_body_thre_0.5"
"123";36;"pre-learned";"first";"within_pair-across_pair";-0,00241799038955555;"ca23dg_body_thre_0.5"
"124";36;"pre-learned";"last";"within_pair-across_pair";0,0119105411401039;"ca23dg_body_thre_0.5"
"125";1;"learned";"first";"within_item-across_pair";-0,00899563534006788;"ca23dg_body_thre_0.5"
"126";1;"learned";"last";"within_item-across_pair";-0,00343484058057327;"ca23dg_body_thre_0.5"
"127";1;"pre-learned";"first";"within_item-across_pair";-0,00294695693190381;"ca23dg_body_thre_0.5"
"128";1;"pre-learned";"last";"within_item-across_pair";-0,013830764935933;"ca23dg_body_thre_0.5"
"129";2;"learned";"first";"within_item-across_pair";0,00114082275803999;"ca23dg_body_thre_0.5"
"130";2;"learned";"last";"within_item-across_pair";0,00729571004248983;"ca23dg_body_thre_0.5"
"131";2;"pre-learned";"first";"within_item-across_pair";-0,0260104748910067;"ca23dg_body_thre_0.5"
"132";2;"pre-learned";"last";"within_item-across_pair";-0,0300514654668185;"ca23dg_body_thre_0.5"
"133";3;"learned";"first";"within_item-across_pair";0,0104834850980981;"ca23dg_body_thre_0.5"
"134";3;"learned";"last";"within_item-across_pair";0,0198961508585667;"ca23dg_body_thre_0.5"
"135";3;"pre-learned";"first";"within_item-across_pair";-0,0450463006327123;"ca23dg_body_thre_0.5"
"136";3;"pre-learned";"last";"within_item-across_pair";0,0254831077572641;"ca23dg_body_thre_0.5"
"137";4;"learned";"first";"within_item-across_pair";0,006536972381471;"ca23dg_body_thre_0.5"
"138";4;"learned";"last";"within_item-across_pair";-0,00485601306668128;"ca23dg_body_thre_0.5"
"139";4;"pre-learned";"first";"within_item-across_pair";0,00503104742202616;"ca23dg_body_thre_0.5"
"140";4;"pre-learned";"last";"within_item-across_pair";-0,0537991650556924;"ca23dg_body_thre_0.5"
"141";5;"learned";"first";"within_item-across_pair";0,000461725854962568;"ca23dg_body_thre_0.5"
"142";5;"learned";"last";"within_item-across_pair";0,00767456633016684;"ca23dg_body_thre_0.5"
"143";5;"pre-learned";"first";"within_item-across_pair";-0,0315725438970668;"ca23dg_body_thre_0.5"
"144";5;"pre-learned";"last";"within_item-across_pair";-0,0419685924135624;"ca23dg_body_thre_0.5"
"145";6;"learned";"first";"within_item-across_pair";0,0179349142697277;"ca23dg_body_thre_0.5"
"146";6;"learned";"last";"within_item-across_pair";0,0198001609021963;"ca23dg_body_thre_0.5"
"147";6;"pre-learned";"first";"within_item-across_pair";-0,0118608226512922;"ca23dg_body_thre_0.5"
"148";6;"pre-learned";"last";"within_item-across_pair";0,000595415194693181;"ca23dg_body_thre_0.5"
"149";7;"learned";"first";"within_item-across_pair";0,0109998192869067;"ca23dg_body_thre_0.5"
"150";7;"learned";"last";"within_item-across_pair";-0,0206613336329592;"ca23dg_body_thre_0.5"
"151";7;"pre-learned";"first";"within_item-across_pair";0,013997921316451;"ca23dg_body_thre_0.5"
"152";7;"pre-learned";"last";"within_item-across_pair";0,0146784647311652;"ca23dg_body_thre_0.5"
"153";9;"learned";"first";"within_item-across_pair";-0,0289269502237972;"ca23dg_body_thre_0.5"
"154";9;"learned";"last";"within_item-across_pair";-0,0124825881874749;"ca23dg_body_thre_0.5"
"155";9;"pre-learned";"first";"within_item-across_pair";-0,0102957579605131;"ca23dg_body_thre_0.5"
"156";9;"pre-learned";"last";"within_item-across_pair";-0,0052012998352293;"ca23dg_body_thre_0.5"
"157";10;"learned";"first";"within_item-across_pair";-0,00741437991342349;"ca23dg_body_thre_0.5"
"158";10;"learned";"last";"within_item-across_pair";0,00266550453501988;"ca23dg_body_thre_0.5"
"159";10;"pre-learned";"first";"within_item-across_pair";-0,0479416487800932;"ca23dg_body_thre_0.5"
"160";10;"pre-learned";"last";"within_item-across_pair";-0,0249879099249925;"ca23dg_body_thre_0.5"
"161";11;"learned";"first";"within_item-across_pair";-0,0326876015333869;"ca23dg_body_thre_0.5"
"162";11;"learned";"last";"within_item-across_pair";0,015495956460366;"ca23dg_body_thre_0.5"
"163";11;"pre-learned";"first";"within_item-across_pair";-0,0187972169307572;"ca23dg_body_thre_0.5"
"164";11;"pre-learned";"last";"within_item-across_pair";0,0173223949827976;"ca23dg_body_thre_0.5"
"165";12;"learned";"first";"within_item-across_pair";0,00325783308114989;"ca23dg_body_thre_0.5"
"166";12;"learned";"last";"within_item-across_pair";-0,0118010232225841;"ca23dg_body_thre_0.5"
"167";12;"pre-learned";"first";"within_item-across_pair";0,0113204028602613;"ca23dg_body_thre_0.5"
"168";12;"pre-learned";"last";"within_item-across_pair";-0,00102103437022379;"ca23dg_body_thre_0.5"
"169";13;"learned";"first";"within_item-across_pair";0,011582701662808;"ca23dg_body_thre_0.5"
"170";13;"learned";"last";"within_item-across_pair";0,027320805801942;"ca23dg_body_thre_0.5"
"171";13;"pre-learned";"first";"within_item-across_pair";0,0481848171294024;"ca23dg_body_thre_0.5"
"172";13;"pre-learned";"last";"within_item-across_pair";-0,0097127051232629;"ca23dg_body_thre_0.5"
"173";14;"learned";"first";"within_item-across_pair";0,0144823862494434;"ca23dg_body_thre_0.5"
"174";14;"learned";"last";"within_item-across_pair";-0,0146718577881338;"ca23dg_body_thre_0.5"
"175";14;"pre-learned";"first";"within_item-across_pair";-0,018504600022133;"ca23dg_body_thre_0.5"
"176";14;"pre-learned";"last";"within_item-across_pair";0,0117970218239948;"ca23dg_body_thre_0.5"
"177";17;"learned";"first";"within_item-across_pair";0,00108264740301437;"ca23dg_body_thre_0.5"
"178";17;"learned";"last";"within_item-across_pair";-0,00387352186689603;"ca23dg_body_thre_0.5"
"179";17;"pre-learned";"first";"within_item-across_pair";-0,00209052320448023;"ca23dg_body_thre_0.5"
"180";17;"pre-learned";"last";"within_item-across_pair";-0,0128501878791405;"ca23dg_body_thre_0.5"
"181";18;"learned";"first";"within_item-across_pair";0,0173781766147104;"ca23dg_body_thre_0.5"
"182";18;"learned";"last";"within_item-across_pair";-0,00237166256372514;"ca23dg_body_thre_0.5"
"183";18;"pre-learned";"first";"within_item-across_pair";-0,0140164571360905;"ca23dg_body_thre_0.5"
"184";18;"pre-learned";"last";"within_item-across_pair";-0,0192217496978336;"ca23dg_body_thre_0.5"
"185";19;"learned";"first";"within_item-across_pair";-0,0405200117175324;"ca23dg_body_thre_0.5"
"186";19;"learned";"last";"within_item-across_pair";0,0218801224627853;"ca23dg_body_thre_0.5"
"187";19;"pre-learned";"first";"within_item-across_pair";-0,0126086527227305;"ca23dg_body_thre_0.5"
"188";19;"pre-learned";"last";"within_item-across_pair";-0,0224386180506809;"ca23dg_body_thre_0.5"
"189";20;"learned";"first";"within_item-across_pair";-0,00566223429620205;"ca23dg_body_thre_0.5"
"190";20;"learned";"last";"within_item-across_pair";-0,00319976076131399;"ca23dg_body_thre_0.5"
"191";20;"pre-learned";"first";"within_item-across_pair";0,00916382981670353;"ca23dg_body_thre_0.5"
"192";20;"pre-learned";"last";"within_item-across_pair";-0,0506537751245516;"ca23dg_body_thre_0.5"
"193";21;"learned";"first";"within_item-across_pair";-0,0157405796050649;"ca23dg_body_thre_0.5"
"194";21;"learned";"last";"within_item-across_pair";0,0107093459719407;"ca23dg_body_thre_0.5"
"195";21;"pre-learned";"first";"within_item-across_pair";-0,0039306932374772;"ca23dg_body_thre_0.5"
"196";21;"pre-learned";"last";"within_item-across_pair";-0,0281702658131897;"ca23dg_body_thre_0.5"
"197";22;"learned";"first";"within_item-across_pair";-0,00606259478216727;"ca23dg_body_thre_0.5"
"198";22;"learned";"last";"within_item-across_pair";0,00198766341013048;"ca23dg_body_thre_0.5"
"199";22;"pre-learned";"first";"within_item-across_pair";-0,00129459041161943;"ca23dg_body_thre_0.5"
"200";22;"pre-learned";"last";"within_item-across_pair";0,018297641472095;"ca23dg_body_thre_0.5"
"201";23;"learned";"first";"within_item-across_pair";0,0055334655394933;"ca23dg_body_thre_0.5"
"202";23;"learned";"last";"within_item-across_pair";0,0141897856864073;"ca23dg_body_thre_0.5"
"203";23;"pre-learned";"first";"within_item-across_pair";0,0277986486514751;"ca23dg_body_thre_0.5"
"204";23;"pre-learned";"last";"within_item-across_pair";-0,031459615655811;"ca23dg_body_thre_0.5"
"205";24;"learned";"first";"within_item-across_pair";0,00851411031466294;"ca23dg_body_thre_0.5"
"206";24;"learned";"last";"within_item-across_pair";0,00807559227760643;"ca23dg_body_thre_0.5"
"207";24;"pre-learned";"first";"within_item-across_pair";-0,0062107188347556;"ca23dg_body_thre_0.5"
"208";24;"pre-learned";"last";"within_item-across_pair";-0,000538501827663489;"ca23dg_body_thre_0.5"
"209";25;"learned";"first";"within_item-across_pair";-0,00253296112303357;"ca23dg_body_thre_0.5"
"210";25;"learned";"last";"within_item-across_pair";-0,0275102804710296;"ca23dg_body_thre_0.5"
"211";25;"pre-learned";"first";"within_item-across_pair";0,00571906549707358;"ca23dg_body_thre_0.5"
"212";25;"pre-learned";"last";"within_item-across_pair";0,0601833584457337;"ca23dg_body_thre_0.5"
"213";26;"learned";"first";"within_item-across_pair";0,0254148066241288;"ca23dg_body_thre_0.5"
"214";26;"learned";"last";"within_item-across_pair";0,0112488951268402;"ca23dg_body_thre_0.5"
"215";26;"pre-learned";"first";"within_item-across_pair";0,0031757683460159;"ca23dg_body_thre_0.5"
"216";26;"pre-learned";"last";"within_item-across_pair";-0,0181625198626944;"ca23dg_body_thre_0.5"
"217";27;"learned";"first";"within_item-across_pair";-0,0135626756346692;"ca23dg_body_thre_0.5"
"218";27;"learned";"last";"within_item-across_pair";-0,0139383819121429;"ca23dg_body_thre_0.5"
"219";27;"pre-learned";"first";"within_item-across_pair";0,00958860782549467;"ca23dg_body_thre_0.5"
"220";27;"pre-learned";"last";"within_item-across_pair";0,00703826395269531;"ca23dg_body_thre_0.5"
"221";28;"learned";"first";"within_item-across_pair";0,00837260031012916;"ca23dg_body_thre_0.5"
"222";28;"learned";"last";"within_item-across_pair";0,0296551741407209;"ca23dg_body_thre_0.5"
"223";28;"pre-learned";"first";"within_item-across_pair";0,02656612236085;"ca23dg_body_thre_0.5"
"224";28;"pre-learned";"last";"within_item-across_pair";-0,014929074040549;"ca23dg_body_thre_0.5"
"225";29;"learned";"first";"within_item-across_pair";-0,0306525146800374;"ca23dg_body_thre_0.5"
"226";29;"learned";"last";"within_item-across_pair";0,0256326741135518;"ca23dg_body_thre_0.5"
"227";29;"pre-learned";"first";"within_item-across_pair";0,00728772158846346;"ca23dg_body_thre_0.5"
"228";29;"pre-learned";"last";"within_item-across_pair";0,0101359368495156;"ca23dg_body_thre_0.5"
"229";31;"learned";"first";"within_item-across_pair";-0,00609028332000882;"ca23dg_body_thre_0.5"
"230";31;"learned";"last";"within_item-across_pair";-0,0186815796762999;"ca23dg_body_thre_0.5"
"231";31;"pre-learned";"first";"within_item-across_pair";0,00598291325434896;"ca23dg_body_thre_0.5"
"232";31;"pre-learned";"last";"within_item-across_pair";0,0145017550235902;"ca23dg_body_thre_0.5"
"233";32;"learned";"first";"within_item-across_pair";-0,0106848807125993;"ca23dg_body_thre_0.5"
"234";32;"learned";"last";"within_item-across_pair";0,0206647754651463;"ca23dg_body_thre_0.5"
"235";32;"pre-learned";"first";"within_item-across_pair";0,0211220449655034;"ca23dg_body_thre_0.5"
"236";32;"pre-learned";"last";"within_item-across_pair";-0,0327389504142848;"ca23dg_body_thre_0.5"
"237";33;"learned";"first";"within_item-across_pair";0,0163889033943431;"ca23dg_body_thre_0.5"
"238";33;"learned";"last";"within_item-across_pair";-0,0186969275130448;"ca23dg_body_thre_0.5"
"239";33;"pre-learned";"first";"within_item-across_pair";-0,00475680699727748;"ca23dg_body_thre_0.5"
"240";33;"pre-learned";"last";"within_item-across_pair";-0,0267063426466781;"ca23dg_body_thre_0.5"
"241";35;"learned";"first";"within_item-across_pair";-0,00173350559058477;"ca23dg_body_thre_0.5"
"242";35;"learned";"last";"within_item-across_pair";0,0231017082176276;"ca23dg_body_thre_0.5"
"243";35;"pre-learned";"first";"within_item-across_pair";0,0441491675086624;"ca23dg_body_thre_0.5"
"244";35;"pre-learned";"last";"within_item-across_pair";-0,0125876891242375;"ca23dg_body_thre_0.5"
"245";36;"learned";"first";"within_item-across_pair";-0,0111914809894046;"ca23dg_body_thre_0.5"
"246";36;"learned";"last";"within_item-across_pair";-0,00542215296151638;"ca23dg_body_thre_0.5"
"247";36;"pre-learned";"first";"within_item-across_pair";0,0111970019519698;"ca23dg_body_thre_0.5"
"248";36;"pre-learned";"last";"within_item-across_pair";-0,0134189048367108;"ca23dg_body_thre_0.5"
"249";1;"learned";"first";"within_pair-across_pair";-0,0223600957043199;"ca1_body_thre_0.5"
"250";1;"learned";"last";"within_pair-across_pair";-0,00975870921163987;"ca1_body_thre_0.5"
"251";1;"pre-learned";"first";"within_pair-across_pair";0,0074319194630668;"ca1_body_thre_0.5"
"252";1;"pre-learned";"last";"within_pair-across_pair";-0,00134049610607403;"ca1_body_thre_0.5"
"253";2;"learned";"first";"within_pair-across_pair";0,00713225066025121;"ca1_body_thre_0.5"
"254";2;"learned";"last";"within_pair-across_pair";-0,00517931594025714;"ca1_body_thre_0.5"
"255";2;"pre-learned";"first";"within_pair-across_pair";-0,0044972695723379;"ca1_body_thre_0.5"
"256";2;"pre-learned";"last";"within_pair-across_pair";0,0117746472496605;"ca1_body_thre_0.5"
"257";3;"learned";"first";"within_pair-across_pair";-0,0176063924184182;"ca1_body_thre_0.5"
"258";3;"learned";"last";"within_pair-across_pair";-0,00930802986031468;"ca1_body_thre_0.5"
"259";3;"pre-learned";"first";"within_pair-across_pair";-0,010903580521428;"ca1_body_thre_0.5"
"260";3;"pre-learned";"last";"within_pair-across_pair";-0,00416500253399657;"ca1_body_thre_0.5"
"261";4;"learned";"first";"within_pair-across_pair";0,0234041245437227;"ca1_body_thre_0.5"
"262";4;"learned";"last";"within_pair-across_pair";0,0224338587811912;"ca1_body_thre_0.5"
"263";4;"pre-learned";"first";"within_pair-across_pair";0,00538814537675098;"ca1_body_thre_0.5"
"264";4;"pre-learned";"last";"within_pair-across_pair";0,0145054412149232;"ca1_body_thre_0.5"
"265";5;"learned";"first";"within_pair-across_pair";0,0119565888829571;"ca1_body_thre_0.5"
"266";5;"learned";"last";"within_pair-across_pair";0,00572148984697293;"ca1_body_thre_0.5"
"267";5;"pre-learned";"first";"within_pair-across_pair";0,0204165621471599;"ca1_body_thre_0.5"
"268";5;"pre-learned";"last";"within_pair-across_pair";-0,0214774070017346;"ca1_body_thre_0.5"
"269";6;"learned";"first";"within_pair-across_pair";-0,0151335742376942;"ca1_body_thre_0.5"
"270";6;"learned";"last";"within_pair-across_pair";-0,00651610870858831;"ca1_body_thre_0.5"
"271";6;"pre-learned";"first";"within_pair-across_pair";-0,0217546760007189;"ca1_body_thre_0.5"
"272";6;"pre-learned";"last";"within_pair-across_pair";-0,0197564898379157;"ca1_body_thre_0.5"
"273";7;"learned";"first";"within_pair-across_pair";-0,00547064204273699;"ca1_body_thre_0.5"
"274";7;"learned";"last";"within_pair-across_pair";-0,0196283230340967;"ca1_body_thre_0.5"
"275";7;"pre-learned";"first";"within_pair-across_pair";-0,0465491760112996;"ca1_body_thre_0.5"
"276";7;"pre-learned";"last";"within_pair-across_pair";-0,0354993445416057;"ca1_body_thre_0.5"
"277";9;"learned";"first";"within_pair-across_pair";-0,00602952527089636;"ca1_body_thre_0.5"
"278";9;"learned";"last";"within_pair-across_pair";-0,00353704444158576;"ca1_body_thre_0.5"
"279";9;"pre-learned";"first";"within_pair-across_pair";0,0104987022173637;"ca1_body_thre_0.5"
"280";9;"pre-learned";"last";"within_pair-across_pair";0,0260954842619699;"ca1_body_thre_0.5"
"281";10;"learned";"first";"within_pair-across_pair";-0,0127703662934078;"ca1_body_thre_0.5"
"282";10;"learned";"last";"within_pair-across_pair";7,30830600485857e-05;"ca1_body_thre_0.5"
"283";10;"pre-learned";"first";"within_pair-across_pair";-0,000253108229113251;"ca1_body_thre_0.5"
"284";10;"pre-learned";"last";"within_pair-across_pair";-0,00651569295166663;"ca1_body_thre_0.5"
"285";11;"learned";"first";"within_pair-across_pair";0,0327818176628873;"ca1_body_thre_0.5"
"286";11;"learned";"last";"within_pair-across_pair";-0,0117810458051005;"ca1_body_thre_0.5"
"287";11;"pre-learned";"first";"within_pair-across_pair";0,0238271623194046;"ca1_body_thre_0.5"
"288";11;"pre-learned";"last";"within_pair-across_pair";-0,011522646499288;"ca1_body_thre_0.5"
"289";12;"learned";"first";"within_pair-across_pair";-0,0132008777714676;"ca1_body_thre_0.5"
"290";12;"learned";"last";"within_pair-across_pair";-0,0137697903776435;"ca1_body_thre_0.5"
"291";12;"pre-learned";"first";"within_pair-across_pair";0,00880480697308622;"ca1_body_thre_0.5"
"292";12;"pre-learned";"last";"within_pair-across_pair";0,0108693338748251;"ca1_body_thre_0.5"
"293";13;"learned";"first";"within_pair-across_pair";0,0149278077837798;"ca1_body_thre_0.5"
"294";13;"learned";"last";"within_pair-across_pair";-0,0029807342407652;"ca1_body_thre_0.5"
"295";13;"pre-learned";"first";"within_pair-across_pair";0,00720805083386573;"ca1_body_thre_0.5"
"296";13;"pre-learned";"last";"within_pair-across_pair";0,0102059885778779;"ca1_body_thre_0.5"
"297";14;"learned";"first";"within_pair-across_pair";-0,0171482192981394;"ca1_body_thre_0.5"
"298";14;"learned";"last";"within_pair-across_pair";0,027896229217736;"ca1_body_thre_0.5"
"299";14;"pre-learned";"first";"within_pair-across_pair";0,00983336586116855;"ca1_body_thre_0.5"
"300";14;"pre-learned";"last";"within_pair-across_pair";-0,00443987250814163;"ca1_body_thre_0.5"
"301";17;"learned";"first";"within_pair-across_pair";-0,00546549596434369;"ca1_body_thre_0.5"
"302";17;"learned";"last";"within_pair-across_pair";0,0145552837768754;"ca1_body_thre_0.5"
"303";17;"pre-learned";"first";"within_pair-across_pair";0,0131240974429199;"ca1_body_thre_0.5"
"304";17;"pre-learned";"last";"within_pair-across_pair";0,00140338004874856;"ca1_body_thre_0.5"
"305";18;"learned";"first";"within_pair-across_pair";0,0261609559076442;"ca1_body_thre_0.5"
"306";18;"learned";"last";"within_pair-across_pair";-0,00726007646813609;"ca1_body_thre_0.5"
"307";18;"pre-learned";"first";"within_pair-across_pair";0,0213941360552888;"ca1_body_thre_0.5"
"308";18;"pre-learned";"last";"within_pair-across_pair";0,0181324952448449;"ca1_body_thre_0.5"
"309";19;"learned";"first";"within_pair-across_pair";0,0037885900459936;"ca1_body_thre_0.5"
"310";19;"learned";"last";"within_pair-across_pair";0,00874409442024403;"ca1_body_thre_0.5"
"311";19;"pre-learned";"first";"within_pair-across_pair";-0,011975705449351;"ca1_body_thre_0.5"
"312";19;"pre-learned";"last";"within_pair-across_pair";0,0145427787105217;"ca1_body_thre_0.5"
"313";20;"learned";"first";"within_pair-across_pair";0,0134827609282676;"ca1_body_thre_0.5"
"314";20;"learned";"last";"within_pair-across_pair";-0,00762821502384176;"ca1_body_thre_0.5"
"315";20;"pre-learned";"first";"within_pair-across_pair";0,0353671931158016;"ca1_body_thre_0.5"
"316";20;"pre-learned";"last";"within_pair-across_pair";-0,00140487550391338;"ca1_body_thre_0.5"
"317";21;"learned";"first";"within_pair-across_pair";-0,0180844294986323;"ca1_body_thre_0.5"
"318";21;"learned";"last";"within_pair-across_pair";-0,00234580211431698;"ca1_body_thre_0.5"
"319";21;"pre-learned";"first";"within_pair-across_pair";0,00617134643391473;"ca1_body_thre_0.5"
"320";21;"pre-learned";"last";"within_pair-across_pair";-0,0107191498676473;"ca1_body_thre_0.5"
"321";22;"learned";"first";"within_pair-across_pair";0,00437651340217881;"ca1_body_thre_0.5"
"322";22;"learned";"last";"within_pair-across_pair";0,012531902529386;"ca1_body_thre_0.5"
"323";22;"pre-learned";"first";"within_pair-across_pair";0,023861869499643;"ca1_body_thre_0.5"
"324";22;"pre-learned";"last";"within_pair-across_pair";-0,0376722004231262;"ca1_body_thre_0.5"
"325";23;"learned";"first";"within_pair-across_pair";0,0214935183196769;"ca1_body_thre_0.5"
"326";23;"learned";"last";"within_pair-across_pair";0,0129027720863519;"ca1_body_thre_0.5"
"327";23;"pre-learned";"first";"within_pair-across_pair";0,00565398703194686;"ca1_body_thre_0.5"
"328";23;"pre-learned";"last";"within_pair-across_pair";0,00463728724500544;"ca1_body_thre_0.5"
"329";24;"learned";"first";"within_pair-across_pair";0,00605771108195012;"ca1_body_thre_0.5"
"330";24;"learned";"last";"within_pair-across_pair";0,0291383618447654;"ca1_body_thre_0.5"
"331";24;"pre-learned";"first";"within_pair-across_pair";0,0130923388744903;"ca1_body_thre_0.5"
"332";24;"pre-learned";"last";"within_pair-across_pair";0,00380737186025294;"ca1_body_thre_0.5"
"333";25;"learned";"first";"within_pair-across_pair";0,00919328616940377;"ca1_body_thre_0.5"
"334";25;"learned";"last";"within_pair-across_pair";-0,00570824922286475;"ca1_body_thre_0.5"
"335";25;"pre-learned";"first";"within_pair-across_pair";-0,0140834758644726;"ca1_body_thre_0.5"
"336";25;"pre-learned";"last";"within_pair-across_pair";-0,00281978038461031;"ca1_body_thre_0.5"
"337";26;"learned";"first";"within_pair-across_pair";0,011057753784529;"ca1_body_thre_0.5"
"338";26;"learned";"last";"within_pair-across_pair";0,0135196153371659;"ca1_body_thre_0.5"
"339";26;"pre-learned";"first";"within_pair-across_pair";0,0104120296852275;"ca1_body_thre_0.5"
"340";26;"pre-learned";"last";"within_pair-across_pair";-0,00699347601999883;"ca1_body_thre_0.5"
"341";27;"learned";"first";"within_pair-across_pair";0,0172428519823262;"ca1_body_thre_0.5"
"342";27;"learned";"last";"within_pair-across_pair";-0,025254487851038;"ca1_body_thre_0.5"
"343";27;"pre-learned";"first";"within_pair-across_pair";-0,00539182924543815;"ca1_body_thre_0.5"
"344";27;"pre-learned";"last";"within_pair-across_pair";0,0116549471276477;"ca1_body_thre_0.5"
"345";28;"learned";"first";"within_pair-across_pair";0,0189763526700526;"ca1_body_thre_0.5"
"346";28;"learned";"last";"within_pair-across_pair";-0,00893651169756707;"ca1_body_thre_0.5"
"347";28;"pre-learned";"first";"within_pair-across_pair";-0,01587978286206;"ca1_body_thre_0.5"
"348";28;"pre-learned";"last";"within_pair-across_pair";0,00237779760442224;"ca1_body_thre_0.5"
"349";29;"learned";"first";"within_pair-across_pair";-0,0348983915876381;"ca1_body_thre_0.5"
"350";29;"learned";"last";"within_pair-across_pair";0,012610057038003;"ca1_body_thre_0.5"
"351";29;"pre-learned";"first";"within_pair-across_pair";0,037771853185904;"ca1_body_thre_0.5"
"352";29;"pre-learned";"last";"within_pair-across_pair";0,0199361334063608;"ca1_body_thre_0.5"
"353";31;"learned";"first";"within_pair-across_pair";0,00580420183451181;"ca1_body_thre_0.5"
"354";31;"learned";"last";"within_pair-across_pair";-0,0308261776252593;"ca1_body_thre_0.5"
"355";31;"pre-learned";"first";"within_pair-across_pair";0,00687921110356763;"ca1_body_thre_0.5"
"356";31;"pre-learned";"last";"within_pair-across_pair";-0,0462188875900813;"ca1_body_thre_0.5"
"357";32;"learned";"first";"within_pair-across_pair";0,0443694967677374;"ca1_body_thre_0.5"
"358";32;"learned";"last";"within_pair-across_pair";0,0115580554740213;"ca1_body_thre_0.5"
"359";32;"pre-learned";"first";"within_pair-across_pair";-0,0119940616826716;"ca1_body_thre_0.5"
"360";32;"pre-learned";"last";"within_pair-across_pair";0,0328319866132235;"ca1_body_thre_0.5"
"361";33;"learned";"first";"within_pair-across_pair";0,0201340122096226;"ca1_body_thre_0.5"
"362";33;"learned";"last";"within_pair-across_pair";-0,0261933420485742;"ca1_body_thre_0.5"
"363";33;"pre-learned";"first";"within_pair-across_pair";-0,0116880073714561;"ca1_body_thre_0.5"
"364";33;"pre-learned";"last";"within_pair-across_pair";-0,0356490243091072;"ca1_body_thre_0.5"
"365";35;"learned";"first";"within_pair-across_pair";0,0437698307950908;"ca1_body_thre_0.5"
"366";35;"learned";"last";"within_pair-across_pair";-0,00120423688997266;"ca1_body_thre_0.5"
"367";35;"pre-learned";"first";"within_pair-across_pair";0,0225886505087375;"ca1_body_thre_0.5"
"368";35;"pre-learned";"last";"within_pair-across_pair";0,0202243443437807;"ca1_body_thre_0.5"
"369";36;"learned";"first";"within_pair-across_pair";0,00726388738758963;"ca1_body_thre_0.5"
"370";36;"learned";"last";"within_pair-across_pair";0,014030325231685;"ca1_body_thre_0.5"
"371";36;"pre-learned";"first";"within_pair-across_pair";-0,0279400381848481;"ca1_body_thre_0.5"
"372";36;"pre-learned";"last";"within_pair-across_pair";0,0136662325991754;"ca1_body_thre_0.5"
"373";1;"learned";"first";"within_item-across_pair";-0,0222787270319589;"ca1_body_thre_0.5"
"374";1;"learned";"last";"within_item-across_pair";-0,00586211807885346;"ca1_body_thre_0.5"
"375";1;"pre-learned";"first";"within_item-across_pair";-0,00700866923407107;"ca1_body_thre_0.5"
"376";1;"pre-learned";"last";"within_item-across_pair";-0,0133844771394683;"ca1_body_thre_0.5"
"377";2;"learned";"first";"within_item-across_pair";-0,0169910869185397;"ca1_body_thre_0.5"
"378";2;"learned";"last";"within_item-across_pair";0,00596512037077958;"ca1_body_thre_0.5"
"379";2;"pre-learned";"first";"within_item-across_pair";-0,000116953507458029;"ca1_body_thre_0.5"
"380";2;"pre-learned";"last";"within_item-across_pair";0,0126759988792046;"ca1_body_thre_0.5"
"381";3;"learned";"first";"within_item-across_pair";0,0177255354687081;"ca1_body_thre_0.5"
"382";3;"learned";"last";"within_item-across_pair";-0,0199151573618313;"ca1_body_thre_0.5"
"383";3;"pre-learned";"first";"within_item-across_pair";0,00213090735145033;"ca1_body_thre_0.5"
"384";3;"pre-learned";"last";"within_item-across_pair";0,0189302999856359;"ca1_body_thre_0.5"
"385";4;"learned";"first";"within_item-across_pair";0,0179498014024679;"ca1_body_thre_0.5"
"386";4;"learned";"last";"within_item-across_pair";0,0042434821219309;"ca1_body_thre_0.5"
"387";4;"pre-learned";"first";"within_item-across_pair";0,00695480993221452;"ca1_body_thre_0.5"
"388";4;"pre-learned";"last";"within_item-across_pair";1,73864330641448e-05;"ca1_body_thre_0.5"
"389";5;"learned";"first";"within_item-across_pair";-0,0148933491954922;"ca1_body_thre_0.5"
"390";5;"learned";"last";"within_item-across_pair";0,0251330910268856;"ca1_body_thre_0.5"
"391";5;"pre-learned";"first";"within_item-across_pair";-0,0013227162653851;"ca1_body_thre_0.5"
"392";5;"pre-learned";"last";"within_item-across_pair";-0,0207771409745005;"ca1_body_thre_0.5"
"393";6;"learned";"first";"within_item-across_pair";0,00142651073644405;"ca1_body_thre_0.5"
"394";6;"learned";"last";"within_item-across_pair";0,0097828461228207;"ca1_body_thre_0.5"
"395";6;"pre-learned";"first";"within_item-across_pair";0,0105060763986862;"ca1_body_thre_0.5"
"396";6;"pre-learned";"last";"within_item-across_pair";-0,000158178963674481;"ca1_body_thre_0.5"
"397";7;"learned";"first";"within_item-across_pair";0,00306647782941553;"ca1_body_thre_0.5"
"398";7;"learned";"last";"within_item-across_pair";0,00254913976193449;"ca1_body_thre_0.5"
"399";7;"pre-learned";"first";"within_item-across_pair";-0,0159443307653616;"ca1_body_thre_0.5"
"400";7;"pre-learned";"last";"within_item-across_pair";0,00526381000289814;"ca1_body_thre_0.5"
"401";9;"learned";"first";"within_item-across_pair";-0,0134250406327799;"ca1_body_thre_0.5"
"402";9;"learned";"last";"within_item-across_pair";-0,000386056939865181;"ca1_body_thre_0.5"
"403";9;"pre-learned";"first";"within_item-across_pair";-0,00357750534784652;"ca1_body_thre_0.5"
"404";9;"pre-learned";"last";"within_item-across_pair";0,00645694862712029;"ca1_body_thre_0.5"
"405";10;"learned";"first";"within_item-across_pair";-0,0252046194727887;"ca1_body_thre_0.5"
"406";10;"learned";"last";"within_item-across_pair";-0,0298051878003315;"ca1_body_thre_0.5"
"407";10;"pre-learned";"first";"within_item-across_pair";0,00374734790914437;"ca1_body_thre_0.5"
"408";10;"pre-learned";"last";"within_item-across_pair";-0,0233951487920021;"ca1_body_thre_0.5"
"409";11;"learned";"first";"within_item-across_pair";-0,00818457913418859;"ca1_body_thre_0.5"
"410";11;"learned";"last";"within_item-across_pair";0,0208452214278796;"ca1_body_thre_0.5"
"411";11;"pre-learned";"first";"within_item-across_pair";-0,0186210227657559;"ca1_body_thre_0.5"
"412";11;"pre-learned";"last";"within_item-across_pair";-0,0292998690002738;"ca1_body_thre_0.5"
"413";12;"learned";"first";"within_item-across_pair";0,0253843061926331;"ca1_body_thre_0.5"
"414";12;"learned";"last";"within_item-across_pair";-0,0174836536652008;"ca1_body_thre_0.5"
"415";12;"pre-learned";"first";"within_item-across_pair";0,0107986774720949;"ca1_body_thre_0.5"
"416";12;"pre-learned";"last";"within_item-across_pair";-0,0211934310357148;"ca1_body_thre_0.5"
"417";13;"learned";"first";"within_item-across_pair";-0,0124201031661007;"ca1_body_thre_0.5"
"418";13;"learned";"last";"within_item-across_pair";-0,00284141796412439;"ca1_body_thre_0.5"
"419";13;"pre-learned";"first";"within_item-across_pair";0,00809394285443846;"ca1_body_thre_0.5"
"420";13;"pre-learned";"last";"within_item-across_pair";-0,0127044868478828;"ca1_body_thre_0.5"
"421";14;"learned";"first";"within_item-across_pair";-0,012296987294427;"ca1_body_thre_0.5"
"422";14;"learned";"last";"within_item-across_pair";-0,000181794038352369;"ca1_body_thre_0.5"
"423";14;"pre-learned";"first";"within_item-across_pair";-0,0118009279480424;"ca1_body_thre_0.5"
"424";14;"pre-learned";"last";"within_item-across_pair";-0,00666154369199957;"ca1_body_thre_0.5"
"425";17;"learned";"first";"within_item-across_pair";-0,0114853006003529;"ca1_body_thre_0.5"
"426";17;"learned";"last";"within_item-across_pair";0,00352919660892635;"ca1_body_thre_0.5"
"427";17;"pre-learned";"first";"within_item-across_pair";0,0162108279113476;"ca1_body_thre_0.5"
"428";17;"pre-learned";"last";"within_item-across_pair";-0,00569926329473888;"ca1_body_thre_0.5"
"429";18;"learned";"first";"within_item-across_pair";-0,0125370251721082;"ca1_body_thre_0.5"
"430";18;"learned";"last";"within_item-across_pair";0,0106407848425952;"ca1_body_thre_0.5"
"431";18;"pre-learned";"first";"within_item-across_pair";0,0678932435505925;"ca1_body_thre_0.5"
"432";18;"pre-learned";"last";"within_item-across_pair";-0,0105622945804106;"ca1_body_thre_0.5"
"433";19;"learned";"first";"within_item-across_pair";-0,0129422103454529;"ca1_body_thre_0.5"
"434";19;"learned";"last";"within_item-across_pair";0,0124970264997032;"ca1_body_thre_0.5"
"435";19;"pre-learned";"first";"within_item-across_pair";-0,0229616618565922;"ca1_body_thre_0.5"
"436";19;"pre-learned";"last";"within_item-across_pair";-0,00723745628554504;"ca1_body_thre_0.5"
"437";20;"learned";"first";"within_item-across_pair";-0,00751257424953356;"ca1_body_thre_0.5"
"438";20;"learned";"last";"within_item-across_pair";0,014913246155625;"ca1_body_thre_0.5"
"439";20;"pre-learned";"first";"within_item-across_pair";0,0202588257272598;"ca1_body_thre_0.5"
"440";20;"pre-learned";"last";"within_item-across_pair";-0,0106564025438994;"ca1_body_thre_0.5"
"441";21;"learned";"first";"within_item-across_pair";0,00856361711351184;"ca1_body_thre_0.5"
"442";21;"learned";"last";"within_item-across_pair";0,00311398502428418;"ca1_body_thre_0.5"
"443";21;"pre-learned";"first";"within_item-across_pair";0,00230304069932883;"ca1_body_thre_0.5"
"444";21;"pre-learned";"last";"within_item-across_pair";-0,027337542419094;"ca1_body_thre_0.5"
"445";22;"learned";"first";"within_item-across_pair";0,00528882217567825;"ca1_body_thre_0.5"
"446";22;"learned";"last";"within_item-across_pair";0,028526519471841;"ca1_body_thre_0.5"
"447";22;"pre-learned";"first";"within_item-across_pair";0,0174537492968927;"ca1_body_thre_0.5"
"448";22;"pre-learned";"last";"within_item-across_pair";0,0244576839700577;"ca1_body_thre_0.5"
"449";23;"learned";"first";"within_item-across_pair";0,0151627958837492;"ca1_body_thre_0.5"
"450";23;"learned";"last";"within_item-across_pair";0,00915274971215907;"ca1_body_thre_0.5"
"451";23;"pre-learned";"first";"within_item-across_pair";0,00854644048593857;"ca1_body_thre_0.5"
"452";23;"pre-learned";"last";"within_item-across_pair";-0,00293227764540834;"ca1_body_thre_0.5"
"453";24;"learned";"first";"within_item-across_pair";0,0204222441470655;"ca1_body_thre_0.5"
"454";24;"learned";"last";"within_item-across_pair";0,0151034937416689;"ca1_body_thre_0.5"
"455";24;"pre-learned";"first";"within_item-across_pair";0,00371001327335238;"ca1_body_thre_0.5"
"456";24;"pre-learned";"last";"within_item-across_pair";-0,0177835516528143;"ca1_body_thre_0.5"
"457";25;"learned";"first";"within_item-across_pair";0,00264695241641827;"ca1_body_thre_0.5"
"458";25;"learned";"last";"within_item-across_pair";0,0370759165089981;"ca1_body_thre_0.5"
"459";25;"pre-learned";"first";"within_item-across_pair";0,000431460214653113;"ca1_body_thre_0.5"
"460";25;"pre-learned";"last";"within_item-across_pair";0,0228027196943169;"ca1_body_thre_0.5"
"461";26;"learned";"first";"within_item-across_pair";-0,0130481034390844;"ca1_body_thre_0.5"
"462";26;"learned";"last";"within_item-across_pair";0,0391453350153235;"ca1_body_thre_0.5"
"463";26;"pre-learned";"first";"within_item-across_pair";0,00759050524750564;"ca1_body_thre_0.5"
"464";26;"pre-learned";"last";"within_item-across_pair";-0,00253783292391979;"ca1_body_thre_0.5"
"465";27;"learned";"first";"within_item-across_pair";-0,00706112569140357;"ca1_body_thre_0.5"
"466";27;"learned";"last";"within_item-across_pair";-0,0185005460172804;"ca1_body_thre_0.5"
"467";27;"pre-learned";"first";"within_item-across_pair";0,00254886298017289;"ca1_body_thre_0.5"
"468";27;"pre-learned";"last";"within_item-across_pair";-0,00329512394628302;"ca1_body_thre_0.5"
"469";28;"learned";"first";"within_item-across_pair";0,0152501668459002;"ca1_body_thre_0.5"
"470";28;"learned";"last";"within_item-across_pair";-0,000887627030052179;"ca1_body_thre_0.5"
"471";28;"pre-learned";"first";"within_item-across_pair";-0,0168905975759996;"ca1_body_thre_0.5"
"472";28;"pre-learned";"last";"within_item-across_pair";0,00663021553762802;"ca1_body_thre_0.5"
"473";29;"learned";"first";"within_item-across_pair";-0,00303415571426967;"ca1_body_thre_0.5"
"474";29;"learned";"last";"within_item-across_pair";-0,00919342190166645;"ca1_body_thre_0.5"
"475";29;"pre-learned";"first";"within_item-across_pair";0,0156354762956996;"ca1_body_thre_0.5"
"476";29;"pre-learned";"last";"within_item-across_pair";0,0179029781821853;"ca1_body_thre_0.5"
"477";31;"learned";"first";"within_item-across_pair";0,0194568939144957;"ca1_body_thre_0.5"
"478";31;"learned";"last";"within_item-across_pair";0,00980329889266141;"ca1_body_thre_0.5"
"479";31;"pre-learned";"first";"within_item-across_pair";-0,0195314524953669;"ca1_body_thre_0.5"
"480";31;"pre-learned";"last";"within_item-across_pair";-0,03440847678861;"ca1_body_thre_0.5"
"481";32;"learned";"first";"within_item-across_pair";0,00864096163659299;"ca1_body_thre_0.5"
"482";32;"learned";"last";"within_item-across_pair";0,018588073179713;"ca1_body_thre_0.5"
"483";32;"pre-learned";"first";"within_item-across_pair";-0,00714990440798931;"ca1_body_thre_0.5"
"484";32;"pre-learned";"last";"within_item-across_pair";-0,0300780252052036;"ca1_body_thre_0.5"
"485";33;"learned";"first";"within_item-across_pair";-0,0143544222412882;"ca1_body_thre_0.5"
"486";33;"learned";"last";"within_item-across_pair";-0,0246259812029803;"ca1_body_thre_0.5"
"487";33;"pre-learned";"first";"within_item-across_pair";-0,00540016602355555;"ca1_body_thre_0.5"
"488";33;"pre-learned";"last";"within_item-across_pair";-0,0128953378907011;"ca1_body_thre_0.5"
"489";35;"learned";"first";"within_item-across_pair";0,0196573687306975;"ca1_body_thre_0.5"
"490";35;"learned";"last";"within_item-across_pair";-0,0208591965802273;"ca1_body_thre_0.5"
"491";35;"pre-learned";"first";"within_item-across_pair";0,00541051607874015;"ca1_body_thre_0.5"
"492";35;"pre-learned";"last";"within_item-across_pair";-0,0276950959185351;"ca1_body_thre_0.5"
"493";36;"learned";"first";"within_item-across_pair";-0,0136800875870214;"ca1_body_thre_0.5"
"494";36;"learned";"last";"within_item-across_pair";-0,010013336450619;"ca1_body_thre_0.5"
"495";36;"pre-learned";"first";"within_item-across_pair";-0,000702793786678478;"ca1_body_thre_0.5"
"496";36;"pre-learned";"last";"within_item-across_pair";0,0126646523379256;"ca1_body_thre_0.5"
"497";1;"learned";"first";"within_pair-across_pair";-0,0177617552438389;"ppa_avg_scene_top_300"
"498";1;"learned";"last";"within_pair-across_pair";0,0046757231759903;"ppa_avg_scene_top_300"
"499";1;"pre-learned";"first";"within_pair-across_pair";-0,0181599419750335;"ppa_avg_scene_top_300"
"500";1;"pre-learned";"last";"within_pair-across_pair";-0,0134386116264751;"ppa_avg_scene_top_300"
"501";2;"learned";"first";"within_pair-across_pair";0,0116448639772319;"ppa_avg_scene_top_300"
"502";2;"learned";"last";"within_pair-across_pair";0,0165059992656519;"ppa_avg_scene_top_300"
"503";2;"pre-learned";"first";"within_pair-across_pair";0,00363510480153702;"ppa_avg_scene_top_300"
"504";2;"pre-learned";"last";"within_pair-across_pair";-0,00921534968423512;"ppa_avg_scene_top_300"
"505";3;"learned";"first";"within_pair-across_pair";0,00890997111363897;"ppa_avg_scene_top_300"
"506";3;"learned";"last";"within_pair-across_pair";0,0247677081043685;"ppa_avg_scene_top_300"
"507";3;"pre-learned";"first";"within_pair-across_pair";0,00836100639018059;"ppa_avg_scene_top_300"
"508";3;"pre-learned";"last";"within_pair-across_pair";-0,00369128330018489;"ppa_avg_scene_top_300"
"509";4;"learned";"first";"within_pair-across_pair";0,0150466943614476;"ppa_avg_scene_top_300"
"510";4;"learned";"last";"within_pair-across_pair";0,0144950687757531;"ppa_avg_scene_top_300"
"511";4;"pre-learned";"first";"within_pair-across_pair";0,0220701531853986;"ppa_avg_scene_top_300"
"512";4;"pre-learned";"last";"within_pair-across_pair";-0,000485770299507228;"ppa_avg_scene_top_300"
"513";5;"learned";"first";"within_pair-across_pair";0,00152581905534195;"ppa_avg_scene_top_300"
"514";5;"learned";"last";"within_pair-across_pair";-0,0238499602509901;"ppa_avg_scene_top_300"
"515";5;"pre-learned";"first";"within_pair-across_pair";0,0106847607112693;"ppa_avg_scene_top_300"
"516";5;"pre-learned";"last";"within_pair-across_pair";0,00636983878549931;"ppa_avg_scene_top_300"
"517";6;"learned";"first";"within_pair-across_pair";-0,00167739470359499;"ppa_avg_scene_top_300"
"518";6;"learned";"last";"within_pair-across_pair";-0,00538692493001499;"ppa_avg_scene_top_300"
"519";6;"pre-learned";"first";"within_pair-across_pair";0,0241720712831667;"ppa_avg_scene_top_300"
"520";6;"pre-learned";"last";"within_pair-across_pair";-0,00175408399376576;"ppa_avg_scene_top_300"
"521";7;"learned";"first";"within_pair-across_pair";0,0207098514836832;"ppa_avg_scene_top_300"
"522";7;"learned";"last";"within_pair-across_pair";0,0202095352147221;"ppa_avg_scene_top_300"
"523";7;"pre-learned";"first";"within_pair-across_pair";0,00515131763458385;"ppa_avg_scene_top_300"
"524";7;"pre-learned";"last";"within_pair-across_pair";-0,00619358546523003;"ppa_avg_scene_top_300"
"525";9;"learned";"first";"within_pair-across_pair";-0,0129479925327624;"ppa_avg_scene_top_300"
"526";9;"learned";"last";"within_pair-across_pair";0,00519202817355836;"ppa_avg_scene_top_300"
"527";9;"pre-learned";"first";"within_pair-across_pair";-0,000549953897083307;"ppa_avg_scene_top_300"
"528";9;"pre-learned";"last";"within_pair-across_pair";-0,00162764703341884;"ppa_avg_scene_top_300"
"529";10;"learned";"first";"within_pair-across_pair";0,00613143167188591;"ppa_avg_scene_top_300"
"530";10;"learned";"last";"within_pair-across_pair";0,0125748826804486;"ppa_avg_scene_top_300"
"531";10;"pre-learned";"first";"within_pair-across_pair";0,0291047574910976;"ppa_avg_scene_top_300"
"532";10;"pre-learned";"last";"within_pair-across_pair";0,0200099322712456;"ppa_avg_scene_top_300"
"533";11;"learned";"first";"within_pair-across_pair";0,0110447772258606;"ppa_avg_scene_top_300"
"534";11;"learned";"last";"within_pair-across_pair";-0,00300649453275828;"ppa_avg_scene_top_300"
"535";11;"pre-learned";"first";"within_pair-across_pair";-0,00399251442247384;"ppa_avg_scene_top_300"
"536";11;"pre-learned";"last";"within_pair-across_pair";0,00775413421919424;"ppa_avg_scene_top_300"
"537";12;"learned";"first";"within_pair-across_pair";-0,00286728799302396;"ppa_avg_scene_top_300"
"538";12;"learned";"last";"within_pair-across_pair";-0,00180495403810259;"ppa_avg_scene_top_300"
"539";12;"pre-learned";"first";"within_pair-across_pair";-3,51588317778345e-06;"ppa_avg_scene_top_300"
"540";12;"pre-learned";"last";"within_pair-across_pair";0,0130218954212314;"ppa_avg_scene_top_300"
"541";13;"learned";"first";"within_pair-across_pair";-0,00736052744570261;"ppa_avg_scene_top_300"
"542";13;"learned";"last";"within_pair-across_pair";-0,00778771395052142;"ppa_avg_scene_top_300"
"543";13;"pre-learned";"first";"within_pair-across_pair";-0,000483642534433049;"ppa_avg_scene_top_300"
"544";13;"pre-learned";"last";"within_pair-across_pair";0,00210583003593792;"ppa_avg_scene_top_300"
"545";14;"learned";"first";"within_pair-across_pair";-0,0270804134534632;"ppa_avg_scene_top_300"
"546";14;"learned";"last";"within_pair-across_pair";-0,00100229184109017;"ppa_avg_scene_top_300"
"547";14;"pre-learned";"first";"within_pair-across_pair";-0,0021322477943871;"ppa_avg_scene_top_300"
"548";14;"pre-learned";"last";"within_pair-across_pair";0,0015605455439318;"ppa_avg_scene_top_300"
"549";17;"learned";"first";"within_pair-across_pair";0,00952545444867447;"ppa_avg_scene_top_300"
"550";17;"learned";"last";"within_pair-across_pair";0,000403156731523854;"ppa_avg_scene_top_300"
"551";17;"pre-learned";"first";"within_pair-across_pair";-0,0122580791327083;"ppa_avg_scene_top_300"
"552";17;"pre-learned";"last";"within_pair-across_pair";0,00816418281031536;"ppa_avg_scene_top_300"
"553";18;"learned";"first";"within_pair-across_pair";-0,00113707835846983;"ppa_avg_scene_top_300"
"554";18;"learned";"last";"within_pair-across_pair";-0,00478163737922813;"ppa_avg_scene_top_300"
"555";18;"pre-learned";"first";"within_pair-across_pair";0,00446373533885968;"ppa_avg_scene_top_300"
"556";18;"pre-learned";"last";"within_pair-across_pair";-0,00358757745370893;"ppa_avg_scene_top_300"
"557";19;"learned";"first";"within_pair-across_pair";-0,00905257703758626;"ppa_avg_scene_top_300"
"558";19;"learned";"last";"within_pair-across_pair";-0,00232421415292236;"ppa_avg_scene_top_300"
"559";19;"pre-learned";"first";"within_pair-across_pair";-0,0004526273167616;"ppa_avg_scene_top_300"
"560";19;"pre-learned";"last";"within_pair-across_pair";-0,0107904691698264;"ppa_avg_scene_top_300"
"561";20;"learned";"first";"within_pair-across_pair";0,0120733074984693;"ppa_avg_scene_top_300"
"562";20;"learned";"last";"within_pair-across_pair";-0,0121807526767147;"ppa_avg_scene_top_300"
"563";20;"pre-learned";"first";"within_pair-across_pair";-0,0037017243726113;"ppa_avg_scene_top_300"
"564";20;"pre-learned";"last";"within_pair-across_pair";0,00412840707014211;"ppa_avg_scene_top_300"
"565";21;"learned";"first";"within_pair-across_pair";0,0104752570064147;"ppa_avg_scene_top_300"
"566";21;"learned";"last";"within_pair-across_pair";0,00339552080166168;"ppa_avg_scene_top_300"
"567";21;"pre-learned";"first";"within_pair-across_pair";-0,01551539465456;"ppa_avg_scene_top_300"
"568";21;"pre-learned";"last";"within_pair-across_pair";0,00563369471412769;"ppa_avg_scene_top_300"
"569";22;"learned";"first";"within_pair-across_pair";-0,00969106238643935;"ppa_avg_scene_top_300"
"570";22;"learned";"last";"within_pair-across_pair";0,014888314413253;"ppa_avg_scene_top_300"
"571";22;"pre-learned";"first";"within_pair-across_pair";0,004976088891246;"ppa_avg_scene_top_300"
"572";22;"pre-learned";"last";"within_pair-across_pair";0,0108440663276004;"ppa_avg_scene_top_300"
"573";23;"learned";"first";"within_pair-across_pair";0,021427415741915;"ppa_avg_scene_top_300"
"574";23;"learned";"last";"within_pair-across_pair";0,0139229143535855;"ppa_avg_scene_top_300"
"575";23;"pre-learned";"first";"within_pair-across_pair";0,00182863543386572;"ppa_avg_scene_top_300"
"576";23;"pre-learned";"last";"within_pair-across_pair";0,00825833353327092;"ppa_avg_scene_top_300"
"577";24;"learned";"first";"within_pair-across_pair";-0,00457140741396566;"ppa_avg_scene_top_300"
"578";24;"learned";"last";"within_pair-across_pair";0,00622663525376081;"ppa_avg_scene_top_300"
"579";24;"pre-learned";"first";"within_pair-across_pair";-0,00931395438754357;"ppa_avg_scene_top_300"
"580";24;"pre-learned";"last";"within_pair-across_pair";-0,0110759406307796;"ppa_avg_scene_top_300"
"581";25;"learned";"first";"within_pair-across_pair";-0,00118833903932522;"ppa_avg_scene_top_300"
"582";25;"learned";"last";"within_pair-across_pair";0,0282151851527659;"ppa_avg_scene_top_300"
"583";25;"pre-learned";"first";"within_pair-across_pair";0,01502326061923;"ppa_avg_scene_top_300"
"584";25;"pre-learned";"last";"within_pair-across_pair";-0,00184690629574554;"ppa_avg_scene_top_300"
"585";26;"learned";"first";"within_pair-across_pair";0,00355977113538418;"ppa_avg_scene_top_300"
"586";26;"learned";"last";"within_pair-across_pair";0,00828069269147067;"ppa_avg_scene_top_300"
"587";26;"pre-learned";"first";"within_pair-across_pair";-0,00491177764760179;"ppa_avg_scene_top_300"
"588";26;"pre-learned";"last";"within_pair-across_pair";-0,0210286461831378;"ppa_avg_scene_top_300"
"589";27;"learned";"first";"within_pair-across_pair";-0,00212801469949294;"ppa_avg_scene_top_300"
"590";27;"learned";"last";"within_pair-across_pair";0,00504158173265591;"ppa_avg_scene_top_300"
"591";27;"pre-learned";"first";"within_pair-across_pair";-0,0082170016335571;"ppa_avg_scene_top_300"
"592";27;"pre-learned";"last";"within_pair-across_pair";0,00649174655771632;"ppa_avg_scene_top_300"
"593";28;"learned";"first";"within_pair-across_pair";-0,00877224304188717;"ppa_avg_scene_top_300"
"594";28;"learned";"last";"within_pair-across_pair";0,0218662531243814;"ppa_avg_scene_top_300"
"595";28;"pre-learned";"first";"within_pair-across_pair";-0,00438603429432518;"ppa_avg_scene_top_300"
"596";28;"pre-learned";"last";"within_pair-across_pair";0,00813065257950566;"ppa_avg_scene_top_300"
"597";29;"learned";"first";"within_pair-across_pair";-0,00786176709182942;"ppa_avg_scene_top_300"
"598";29;"learned";"last";"within_pair-across_pair";0,025350432911183;"ppa_avg_scene_top_300"
"599";29;"pre-learned";"first";"within_pair-across_pair";0,020636479955929;"ppa_avg_scene_top_300"
"600";29;"pre-learned";"last";"within_pair-across_pair";0,0271367362335348;"ppa_avg_scene_top_300"
"601";31;"learned";"first";"within_pair-across_pair";-0,00443203137942914;"ppa_avg_scene_top_300"
"602";31;"learned";"last";"within_pair-across_pair";0,0119334450974874;"ppa_avg_scene_top_300"
"603";31;"pre-learned";"first";"within_pair-across_pair";-0,00168150720445983;"ppa_avg_scene_top_300"
"604";31;"pre-learned";"last";"within_pair-across_pair";0,00718982333364357;"ppa_avg_scene_top_300"
"605";32;"learned";"first";"within_pair-across_pair";-0,00198048284711412;"ppa_avg_scene_top_300"
"606";32;"learned";"last";"within_pair-across_pair";0,00819351123016501;"ppa_avg_scene_top_300"
"607";32;"pre-learned";"first";"within_pair-across_pair";0,0179198819590987;"ppa_avg_scene_top_300"
"608";32;"pre-learned";"last";"within_pair-across_pair";0,0121504480063339;"ppa_avg_scene_top_300"
"609";33;"learned";"first";"within_pair-across_pair";0,00312816786690973;"ppa_avg_scene_top_300"
"610";33;"learned";"last";"within_pair-across_pair";0,000252338261555192;"ppa_avg_scene_top_300"
"611";33;"pre-learned";"first";"within_pair-across_pair";0,000318024620902122;"ppa_avg_scene_top_300"
"612";33;"pre-learned";"last";"within_pair-across_pair";-0,00844335858064477;"ppa_avg_scene_top_300"
"613";35;"learned";"first";"within_pair-across_pair";0,00219189738156148;"ppa_avg_scene_top_300"
"614";35;"learned";"last";"within_pair-across_pair";-0,00108488854554655;"ppa_avg_scene_top_300"
"615";35;"pre-learned";"first";"within_pair-across_pair";0,0306666922332833;"ppa_avg_scene_top_300"
"616";35;"pre-learned";"last";"within_pair-across_pair";-0,0207889227845348;"ppa_avg_scene_top_300"
"617";36;"learned";"first";"within_pair-across_pair";0,0114572890470542;"ppa_avg_scene_top_300"
"618";36;"learned";"last";"within_pair-across_pair";-0,0134805260105367;"ppa_avg_scene_top_300"
"619";36;"pre-learned";"first";"within_pair-across_pair";-0,00513760764032021;"ppa_avg_scene_top_300"
"620";36;"pre-learned";"last";"within_pair-across_pair";-0,00377601671070643;"ppa_avg_scene_top_300"
"621";1;"learned";"first";"within_item-across_pair";0,0183077211874427;"ppa_avg_scene_top_300"
"622";1;"learned";"last";"within_item-across_pair";0,0189023004660105;"ppa_avg_scene_top_300"
"623";1;"pre-learned";"first";"within_item-across_pair";-0,00793948079874975;"ppa_avg_scene_top_300"
"624";1;"pre-learned";"last";"within_item-across_pair";-0,00209345947956035;"ppa_avg_scene_top_300"
"625";2;"learned";"first";"within_item-across_pair";-0,00668114156862235;"ppa_avg_scene_top_300"
"626";2;"learned";"last";"within_item-across_pair";0,00827738901995576;"ppa_avg_scene_top_300"
"627";2;"pre-learned";"first";"within_item-across_pair";-0,0167570239290401;"ppa_avg_scene_top_300"
"628";2;"pre-learned";"last";"within_item-across_pair";-0,0222637791322765;"ppa_avg_scene_top_300"
"629";3;"learned";"first";"within_item-across_pair";0,0034165461134308;"ppa_avg_scene_top_300"
"630";3;"learned";"last";"within_item-across_pair";0,00319501268793316;"ppa_avg_scene_top_300"
"631";3;"pre-learned";"first";"within_item-across_pair";0,00660030982036654;"ppa_avg_scene_top_300"
"632";3;"pre-learned";"last";"within_item-across_pair";0,00410200816476555;"ppa_avg_scene_top_300"
"633";4;"learned";"first";"within_item-across_pair";0,00612369734859613;"ppa_avg_scene_top_300"
"634";4;"learned";"last";"within_item-across_pair";0,000585193904978498;"ppa_avg_scene_top_300"
"635";4;"pre-learned";"first";"within_item-across_pair";-0,00584535304930916;"ppa_avg_scene_top_300"
"636";4;"pre-learned";"last";"within_item-across_pair";0,000680710201334036;"ppa_avg_scene_top_300"
"637";5;"learned";"first";"within_item-across_pair";0,0243343555298234;"ppa_avg_scene_top_300"
"638";5;"learned";"last";"within_item-across_pair";0,0102417122698955;"ppa_avg_scene_top_300"
"639";5;"pre-learned";"first";"within_item-across_pair";-0,00354923032464549;"ppa_avg_scene_top_300"
"640";5;"pre-learned";"last";"within_item-across_pair";-0,00119413399409722;"ppa_avg_scene_top_300"
"641";6;"learned";"first";"within_item-across_pair";0,0118890709837658;"ppa_avg_scene_top_300"
"642";6;"learned";"last";"within_item-across_pair";0,0322043658252973;"ppa_avg_scene_top_300"
"643";6;"pre-learned";"first";"within_item-across_pair";-0,0119531204922224;"ppa_avg_scene_top_300"
"644";6;"pre-learned";"last";"within_item-across_pair";0,0289098112552852;"ppa_avg_scene_top_300"
"645";7;"learned";"first";"within_item-across_pair";-0,010301133330999;"ppa_avg_scene_top_300"
"646";7;"learned";"last";"within_item-across_pair";-0,0117044353531207;"ppa_avg_scene_top_300"
"647";7;"pre-learned";"first";"within_item-across_pair";-0,00930647833448875;"ppa_avg_scene_top_300"
"648";7;"pre-learned";"last";"within_item-across_pair";-0,0013755819121979;"ppa_avg_scene_top_300"
"649";9;"learned";"first";"within_item-across_pair";0,00185707129941512;"ppa_avg_scene_top_300"
"650";9;"learned";"last";"within_item-across_pair";0,0151936548377263;"ppa_avg_scene_top_300"
"651";9;"pre-learned";"first";"within_item-across_pair";-0,0173994021736053;"ppa_avg_scene_top_300"
"652";9;"pre-learned";"last";"within_item-across_pair";-0,00553263956136381;"ppa_avg_scene_top_300"
"653";10;"learned";"first";"within_item-across_pair";-0,0180751506543405;"ppa_avg_scene_top_300"
"654";10;"learned";"last";"within_item-across_pair";0,012956109540111;"ppa_avg_scene_top_300"
"655";10;"pre-learned";"first";"within_item-across_pair";0,00505841259788167;"ppa_avg_scene_top_300"
"656";10;"pre-learned";"last";"within_item-across_pair";-0,0118507487760151;"ppa_avg_scene_top_300"
"657";11;"learned";"first";"within_item-across_pair";0,0111211881891205;"ppa_avg_scene_top_300"
"658";11;"learned";"last";"within_item-across_pair";-0,0064173187072698;"ppa_avg_scene_top_300"
"659";11;"pre-learned";"first";"within_item-across_pair";0,00286509561549157;"ppa_avg_scene_top_300"
"660";11;"pre-learned";"last";"within_item-across_pair";0,0198298896535299;"ppa_avg_scene_top_300"
"661";12;"learned";"first";"within_item-across_pair";-0,0124951519837861;"ppa_avg_scene_top_300"
"662";12;"learned";"last";"within_item-across_pair";-0,0159386164897691;"ppa_avg_scene_top_300"
"663";12;"pre-learned";"first";"within_item-across_pair";-0,0152047161785444;"ppa_avg_scene_top_300"
"664";12;"pre-learned";"last";"within_item-across_pair";0,00356315188465697;"ppa_avg_scene_top_300"
"665";13;"learned";"first";"within_item-across_pair";-0,000168692974733306;"ppa_avg_scene_top_300"
"666";13;"learned";"last";"within_item-across_pair";-0,00824164223888205;"ppa_avg_scene_top_300"
"667";13;"pre-learned";"first";"within_item-across_pair";0,0148638762398243;"ppa_avg_scene_top_300"
"668";13;"pre-learned";"last";"within_item-across_pair";0,0174823883075867;"ppa_avg_scene_top_300"
"669";14;"learned";"first";"within_item-across_pair";-0,0163814604344417;"ppa_avg_scene_top_300"
"670";14;"learned";"last";"within_item-across_pair";-0,00217310238681515;"ppa_avg_scene_top_300"
"671";14;"pre-learned";"first";"within_item-across_pair";0,0150575479048259;"ppa_avg_scene_top_300"
"672";14;"pre-learned";"last";"within_item-across_pair";0,0149477887017597;"ppa_avg_scene_top_300"
"673";17;"learned";"first";"within_item-across_pair";0,0131121202795389;"ppa_avg_scene_top_300"
"674";17;"learned";"last";"within_item-across_pair";0,0037970120629729;"ppa_avg_scene_top_300"
"675";17;"pre-learned";"first";"within_item-across_pair";-0,0205925201648839;"ppa_avg_scene_top_300"
"676";17;"pre-learned";"last";"within_item-across_pair";-0,00978493559556463;"ppa_avg_scene_top_300"
"677";18;"learned";"first";"within_item-across_pair";0,00504696098091724;"ppa_avg_scene_top_300"
"678";18;"learned";"last";"within_item-across_pair";0,000556938787752005;"ppa_avg_scene_top_300"
"679";18;"pre-learned";"first";"within_item-across_pair";-0,00176997957016292;"ppa_avg_scene_top_300"
"680";18;"pre-learned";"last";"within_item-across_pair";-0,0180805138706993;"ppa_avg_scene_top_300"
"681";19;"learned";"first";"within_item-across_pair";0,00618129809984937;"ppa_avg_scene_top_300"
"682";19;"learned";"last";"within_item-across_pair";-0,010288651152201;"ppa_avg_scene_top_300"
"683";19;"pre-learned";"first";"within_item-across_pair";-0,00679567056581414;"ppa_avg_scene_top_300"
"684";19;"pre-learned";"last";"within_item-across_pair";-0,00975946621494452;"ppa_avg_scene_top_300"
"685";20;"learned";"first";"within_item-across_pair";-0,0191443381888987;"ppa_avg_scene_top_300"
"686";20;"learned";"last";"within_item-across_pair";0,0033899316284503;"ppa_avg_scene_top_300"
"687";20;"pre-learned";"first";"within_item-across_pair";-0,0230725918901853;"ppa_avg_scene_top_300"
"688";20;"pre-learned";"last";"within_item-across_pair";-0,00138831281778163;"ppa_avg_scene_top_300"
"689";21;"learned";"first";"within_item-across_pair";-0,0162361167188723;"ppa_avg_scene_top_300"
"690";21;"learned";"last";"within_item-across_pair";0,0134047004805865;"ppa_avg_scene_top_300"
"691";21;"pre-learned";"first";"within_item-across_pair";-0,0292419483132513;"ppa_avg_scene_top_300"
"692";21;"pre-learned";"last";"within_item-across_pair";-0,00500203218277559;"ppa_avg_scene_top_300"
"693";22;"learned";"first";"within_item-across_pair";-0,00304353403862023;"ppa_avg_scene_top_300"
"694";22;"learned";"last";"within_item-across_pair";-0,00242708566262519;"ppa_avg_scene_top_300"
"695";22;"pre-learned";"first";"within_item-across_pair";0,0112715164217609;"ppa_avg_scene_top_300"
"696";22;"pre-learned";"last";"within_item-across_pair";0,00571430528887659;"ppa_avg_scene_top_300"
"697";23;"learned";"first";"within_item-across_pair";0,00825083286911737;"ppa_avg_scene_top_300"
"698";23;"learned";"last";"within_item-across_pair";0,0149520840787379;"ppa_avg_scene_top_300"
"699";23;"pre-learned";"first";"within_item-across_pair";0,0140489675054381;"ppa_avg_scene_top_300"
"700";23;"pre-learned";"last";"within_item-across_pair";0,00922753544399805;"ppa_avg_scene_top_300"
"701";24;"learned";"first";"within_item-across_pair";-0,0053699184692978;"ppa_avg_scene_top_300"
"702";24;"learned";"last";"within_item-across_pair";-0,00606939078083779;"ppa_avg_scene_top_300"
"703";24;"pre-learned";"first";"within_item-across_pair";-0,00430203994028494;"ppa_avg_scene_top_300"
"704";24;"pre-learned";"last";"within_item-across_pair";-0,0208418950384521;"ppa_avg_scene_top_300"
"705";25;"learned";"first";"within_item-across_pair";0,00880148200384888;"ppa_avg_scene_top_300"
"706";25;"learned";"last";"within_item-across_pair";0,00220292602576843;"ppa_avg_scene_top_300"
"707";25;"pre-learned";"first";"within_item-across_pair";-0,00963469287034591;"ppa_avg_scene_top_300"
"708";25;"pre-learned";"last";"within_item-across_pair";0,0207459438075611;"ppa_avg_scene_top_300"
"709";26;"learned";"first";"within_item-across_pair";0,00257268829224764;"ppa_avg_scene_top_300"
"710";26;"learned";"last";"within_item-across_pair";0,00395839874183101;"ppa_avg_scene_top_300"
"711";26;"pre-learned";"first";"within_item-across_pair";-0,0176758989589869;"ppa_avg_scene_top_300"
"712";26;"pre-learned";"last";"within_item-across_pair";-0,0156292180266185;"ppa_avg_scene_top_300"
"713";27;"learned";"first";"within_item-across_pair";-0,0115583630614961;"ppa_avg_scene_top_300"
"714";27;"learned";"last";"within_item-across_pair";0,00195693447758376;"ppa_avg_scene_top_300"
"715";27;"pre-learned";"first";"within_item-across_pair";-0,0182130673610712;"ppa_avg_scene_top_300"
"716";27;"pre-learned";"last";"within_item-across_pair";-0,019601816157537;"ppa_avg_scene_top_300"
"717";28;"learned";"first";"within_item-across_pair";0,00845176401675263;"ppa_avg_scene_top_300"
"718";28;"learned";"last";"within_item-across_pair";-0,00483489826624438;"ppa_avg_scene_top_300"
"719";28;"pre-learned";"first";"within_item-across_pair";0,00707146826324611;"ppa_avg_scene_top_300"
"720";28;"pre-learned";"last";"within_item-across_pair";0,00593489225299186;"ppa_avg_scene_top_300"
"721";29;"learned";"first";"within_item-across_pair";-0,0199244655759122;"ppa_avg_scene_top_300"
"722";29;"learned";"last";"within_item-across_pair";0,0122559531867758;"ppa_avg_scene_top_300"
"723";29;"pre-learned";"first";"within_item-across_pair";-0,0208465935475964;"ppa_avg_scene_top_300"
"724";29;"pre-learned";"last";"within_item-across_pair";-0,0102659390581402;"ppa_avg_scene_top_300"
"725";31;"learned";"first";"within_item-across_pair";0,000936805145405401;"ppa_avg_scene_top_300"
"726";31;"learned";"last";"within_item-across_pair";0,000254537091057485;"ppa_avg_scene_top_300"
"727";31;"pre-learned";"first";"within_item-across_pair";0,00382210608654493;"ppa_avg_scene_top_300"
"728";31;"pre-learned";"last";"within_item-across_pair";0,00253192130095439;"ppa_avg_scene_top_300"
"729";32;"learned";"first";"within_item-across_pair";-0,00134749843845962;"ppa_avg_scene_top_300"
"730";32;"learned";"last";"within_item-across_pair";-0,00851870501485726;"ppa_avg_scene_top_300"
"731";32;"pre-learned";"first";"within_item-across_pair";0,0119750228574821;"ppa_avg_scene_top_300"
"732";32;"pre-learned";"last";"within_item-across_pair";-0,0106939804857504;"ppa_avg_scene_top_300"
"733";33;"learned";"first";"within_item-across_pair";0,0112732325104032;"ppa_avg_scene_top_300"
"734";33;"learned";"last";"within_item-across_pair";-0,00199098529044497;"ppa_avg_scene_top_300"
"735";33;"pre-learned";"first";"within_item-across_pair";0,00469630126921143;"ppa_avg_scene_top_300"
"736";33;"pre-learned";"last";"within_item-across_pair";-0,0151230743043856;"ppa_avg_scene_top_300"
"737";35;"learned";"first";"within_item-across_pair";0,0227488510929802;"ppa_avg_scene_top_300"
"738";35;"learned";"last";"within_item-across_pair";0,0039734944569378;"ppa_avg_scene_top_300"
"739";35;"pre-learned";"first";"within_item-across_pair";0,0179290955993172;"ppa_avg_scene_top_300"
"740";35;"pre-learned";"last";"within_item-across_pair";0,00503979577129723;"ppa_avg_scene_top_300"
"741";36;"learned";"first";"within_item-across_pair";0,00553266362787416;"ppa_avg_scene_top_300"
"742";36;"learned";"last";"within_item-across_pair";-0,00024847336143698;"ppa_avg_scene_top_300"
"743";36;"pre-learned";"first";"within_item-across_pair";-0,000132921800245695;"ppa_avg_scene_top_300"
"744";36;"pre-learned";"last";"within_item-across_pair";-0,00725697696909825;"ppa_avg_scene_top_300"
"745";1;"learned";"first";"within_pair-across_pair";-0,00635993690746955;"evc_avg_all_top_300"
"746";1;"learned";"last";"within_pair-across_pair";-0,0132426644467517;"evc_avg_all_top_300"
"747";1;"pre-learned";"first";"within_pair-across_pair";0,014174525443812;"evc_avg_all_top_300"
"748";1;"pre-learned";"last";"within_pair-across_pair";0,0124566076100577;"evc_avg_all_top_300"
"749";2;"learned";"first";"within_pair-across_pair";0,0222345192551652;"evc_avg_all_top_300"
"750";2;"learned";"last";"within_pair-across_pair";0,028289325067882;"evc_avg_all_top_300"
"751";2;"pre-learned";"first";"within_pair-across_pair";0,00274140480176942;"evc_avg_all_top_300"
"752";2;"pre-learned";"last";"within_pair-across_pair";-0,0102763314457731;"evc_avg_all_top_300"
"753";3;"learned";"first";"within_pair-across_pair";-0,00697241553941389;"evc_avg_all_top_300"
"754";3;"learned";"last";"within_pair-across_pair";-0,00454171545042016;"evc_avg_all_top_300"
"755";3;"pre-learned";"first";"within_pair-across_pair";-0,0153917283797182;"evc_avg_all_top_300"
"756";3;"pre-learned";"last";"within_pair-across_pair";0,0128208735682409;"evc_avg_all_top_300"
"757";4;"learned";"first";"within_pair-across_pair";-0,0196656783702632;"evc_avg_all_top_300"
"758";4;"learned";"last";"within_pair-across_pair";0,0245818013567071;"evc_avg_all_top_300"
"759";4;"pre-learned";"first";"within_pair-across_pair";0,0217237318264569;"evc_avg_all_top_300"
"760";4;"pre-learned";"last";"within_pair-across_pair";0,0157665077389168;"evc_avg_all_top_300"
"761";5;"learned";"first";"within_pair-across_pair";-0,000225039098974476;"evc_avg_all_top_300"
"762";5;"learned";"last";"within_pair-across_pair";-0,0228400000083976;"evc_avg_all_top_300"
"763";5;"pre-learned";"first";"within_pair-across_pair";-0,00899767306237063;"evc_avg_all_top_300"
"764";5;"pre-learned";"last";"within_pair-across_pair";0,0255604790506186;"evc_avg_all_top_300"
"765";6;"learned";"first";"within_pair-across_pair";0,00959353153467182;"evc_avg_all_top_300"
"766";6;"learned";"last";"within_pair-across_pair";0,0417123432368642;"evc_avg_all_top_300"
"767";6;"pre-learned";"first";"within_pair-across_pair";0,0189394486646706;"evc_avg_all_top_300"
"768";6;"pre-learned";"last";"within_pair-across_pair";-0,000595137422358668;"evc_avg_all_top_300"
"769";7;"learned";"first";"within_pair-across_pair";-0,0241359785388786;"evc_avg_all_top_300"
"770";7;"learned";"last";"within_pair-across_pair";0,0305526673826567;"evc_avg_all_top_300"
"771";7;"pre-learned";"first";"within_pair-across_pair";0,0129889991798289;"evc_avg_all_top_300"
"772";7;"pre-learned";"last";"within_pair-across_pair";-0,00213571241069104;"evc_avg_all_top_300"
"773";9;"learned";"first";"within_pair-across_pair";-0,0215482844397878;"evc_avg_all_top_300"
"774";9;"learned";"last";"within_pair-across_pair";-0,00562879246331873;"evc_avg_all_top_300"
"775";9;"pre-learned";"first";"within_pair-across_pair";-0,011863726383315;"evc_avg_all_top_300"
"776";9;"pre-learned";"last";"within_pair-across_pair";0,00416766287211393;"evc_avg_all_top_300"
"777";10;"learned";"first";"within_pair-across_pair";0,0366219439135194;"evc_avg_all_top_300"
"778";10;"learned";"last";"within_pair-across_pair";0,0219460092644729;"evc_avg_all_top_300"
"779";10;"pre-learned";"first";"within_pair-across_pair";0,0430364651173958;"evc_avg_all_top_300"
"780";10;"pre-learned";"last";"within_pair-across_pair";-0,00382694984397819;"evc_avg_all_top_300"
"781";11;"learned";"first";"within_pair-across_pair";0,00937967809664041;"evc_avg_all_top_300"
"782";11;"learned";"last";"within_pair-across_pair";-0,00830603984365313;"evc_avg_all_top_300"
"783";11;"pre-learned";"first";"within_pair-across_pair";-0,0123391994155625;"evc_avg_all_top_300"
"784";11;"pre-learned";"last";"within_pair-across_pair";-0,00989420848423142;"evc_avg_all_top_300"
"785";12;"learned";"first";"within_pair-across_pair";0,00122695943297793;"evc_avg_all_top_300"
"786";12;"learned";"last";"within_pair-across_pair";-0,0122041545604385;"evc_avg_all_top_300"
"787";12;"pre-learned";"first";"within_pair-across_pair";0,0107147462664693;"evc_avg_all_top_300"
"788";12;"pre-learned";"last";"within_pair-across_pair";0,012373536188529;"evc_avg_all_top_300"
"789";13;"learned";"first";"within_pair-across_pair";0,00401448897525473;"evc_avg_all_top_300"
"790";13;"learned";"last";"within_pair-across_pair";-0,0115948359603172;"evc_avg_all_top_300"
"791";13;"pre-learned";"first";"within_pair-across_pair";-0,00930974382400898;"evc_avg_all_top_300"
"792";13;"pre-learned";"last";"within_pair-across_pair";-0,000350994594960062;"evc_avg_all_top_300"
"793";14;"learned";"first";"within_pair-across_pair";-0,00296115000890561;"evc_avg_all_top_300"
"794";14;"learned";"last";"within_pair-across_pair";-0,0196819442308348;"evc_avg_all_top_300"
"795";14;"pre-learned";"first";"within_pair-across_pair";-0,00373400112186123;"evc_avg_all_top_300"
"796";14;"pre-learned";"last";"within_pair-across_pair";-0,00216943135487387;"evc_avg_all_top_300"
"797";17;"learned";"first";"within_pair-across_pair";-0,00627855300537083;"evc_avg_all_top_300"
"798";17;"learned";"last";"within_pair-across_pair";-0,00343686099594655;"evc_avg_all_top_300"
"799";17;"pre-learned";"first";"within_pair-across_pair";-0,000496532562501013;"evc_avg_all_top_300"
"800";17;"pre-learned";"last";"within_pair-across_pair";-0,00540264870470439;"evc_avg_all_top_300"
"801";18;"learned";"first";"within_pair-across_pair";-0,0212735031149756;"evc_avg_all_top_300"
"802";18;"learned";"last";"within_pair-across_pair";0,00252752082239274;"evc_avg_all_top_300"
"803";18;"pre-learned";"first";"within_pair-across_pair";-0,0112778333767567;"evc_avg_all_top_300"
"804";18;"pre-learned";"last";"within_pair-across_pair";0,0136422012103028;"evc_avg_all_top_300"
"805";19;"learned";"first";"within_pair-across_pair";-0,00614611689842436;"evc_avg_all_top_300"
"806";19;"learned";"last";"within_pair-across_pair";0,00908013102606917;"evc_avg_all_top_300"
"807";19;"pre-learned";"first";"within_pair-across_pair";-0,0146182076214433;"evc_avg_all_top_300"
"808";19;"pre-learned";"last";"within_pair-across_pair";0,0112015317401728;"evc_avg_all_top_300"
"809";20;"learned";"first";"within_pair-across_pair";0,0165221937964763;"evc_avg_all_top_300"
"810";20;"learned";"last";"within_pair-across_pair";-0,0254630704403346;"evc_avg_all_top_300"
"811";20;"pre-learned";"first";"within_pair-across_pair";-0,0132114426993894;"evc_avg_all_top_300"
"812";20;"pre-learned";"last";"within_pair-across_pair";-0,00310880378017857;"evc_avg_all_top_300"
"813";21;"learned";"first";"within_pair-across_pair";-0,00628685142356413;"evc_avg_all_top_300"
"814";21;"learned";"last";"within_pair-across_pair";-0,0208772212690388;"evc_avg_all_top_300"
"815";21;"pre-learned";"first";"within_pair-across_pair";0,0559896614112735;"evc_avg_all_top_300"
"816";21;"pre-learned";"last";"within_pair-across_pair";0,0481690738046811;"evc_avg_all_top_300"
"817";22;"learned";"first";"within_pair-across_pair";-0,0153679208734586;"evc_avg_all_top_300"
"818";22;"learned";"last";"within_pair-across_pair";0,00453922754592609;"evc_avg_all_top_300"
"819";22;"pre-learned";"first";"within_pair-across_pair";0,0130021324191911;"evc_avg_all_top_300"
"820";22;"pre-learned";"last";"within_pair-across_pair";0,015353915091778;"evc_avg_all_top_300"
"821";23;"learned";"first";"within_pair-across_pair";0,00938563722522304;"evc_avg_all_top_300"
"822";23;"learned";"last";"within_pair-across_pair";0,00812449374170053;"evc_avg_all_top_300"
"823";23;"pre-learned";"first";"within_pair-across_pair";0,0177487541025001;"evc_avg_all_top_300"
"824";23;"pre-learned";"last";"within_pair-across_pair";-0,00288484030896649;"evc_avg_all_top_300"
"825";24;"learned";"first";"within_pair-across_pair";-0,0333050887303923;"evc_avg_all_top_300"
"826";24;"learned";"last";"within_pair-across_pair";0,0504757892287045;"evc_avg_all_top_300"
"827";24;"pre-learned";"first";"within_pair-across_pair";-0,0345352871736141;"evc_avg_all_top_300"
"828";24;"pre-learned";"last";"within_pair-across_pair";0,0146769106483983;"evc_avg_all_top_300"
"829";25;"learned";"first";"within_pair-across_pair";-0,00259921815580345;"evc_avg_all_top_300"
"830";25;"learned";"last";"within_pair-across_pair";-0,0108868863607161;"evc_avg_all_top_300"
"831";25;"pre-learned";"first";"within_pair-across_pair";-0,0114609502290719;"evc_avg_all_top_300"
"832";25;"pre-learned";"last";"within_pair-across_pair";-0,00572155724582016;"evc_avg_all_top_300"
"833";26;"learned";"first";"within_pair-across_pair";-0,00212903608563674;"evc_avg_all_top_300"
"834";26;"learned";"last";"within_pair-across_pair";0,0279701429247223;"evc_avg_all_top_300"
"835";26;"pre-learned";"first";"within_pair-across_pair";-0,002759243191255;"evc_avg_all_top_300"
"836";26;"pre-learned";"last";"within_pair-across_pair";-0,0308368405413985;"evc_avg_all_top_300"
"837";27;"learned";"first";"within_pair-across_pair";-0,0100292244312506;"evc_avg_all_top_300"
"838";27;"learned";"last";"within_pair-across_pair";0,015525965121016;"evc_avg_all_top_300"
"839";27;"pre-learned";"first";"within_pair-across_pair";0,00193558516349314;"evc_avg_all_top_300"
"840";27;"pre-learned";"last";"within_pair-across_pair";0,0135650110618193;"evc_avg_all_top_300"
"841";28;"learned";"first";"within_pair-across_pair";0,0192825080225382;"evc_avg_all_top_300"
"842";28;"learned";"last";"within_pair-across_pair";0,00980410896254538;"evc_avg_all_top_300"
"843";28;"pre-learned";"first";"within_pair-across_pair";-0,00692916325335588;"evc_avg_all_top_300"
"844";28;"pre-learned";"last";"within_pair-across_pair";0,00279121343920932;"evc_avg_all_top_300"
"845";29;"learned";"first";"within_pair-across_pair";-0,00942773564460058;"evc_avg_all_top_300"
"846";29;"learned";"last";"within_pair-across_pair";-0,0039836216950232;"evc_avg_all_top_300"
"847";29;"pre-learned";"first";"within_pair-across_pair";-0,00169365439218368;"evc_avg_all_top_300"
"848";29;"pre-learned";"last";"within_pair-across_pair";0,0445410589088452;"evc_avg_all_top_300"
"849";31;"learned";"first";"within_pair-across_pair";0,005307708496973;"evc_avg_all_top_300"
"850";31;"learned";"last";"within_pair-across_pair";0,0117113300807737;"evc_avg_all_top_300"
"851";31;"pre-learned";"first";"within_pair-across_pair";0,00384830398019313;"evc_avg_all_top_300"
"852";31;"pre-learned";"last";"within_pair-across_pair";-0,00686702240983499;"evc_avg_all_top_300"
"853";32;"learned";"first";"within_pair-across_pair";0,0029197306221968;"evc_avg_all_top_300"
"854";32;"learned";"last";"within_pair-across_pair";0,0145541014179256;"evc_avg_all_top_300"
"855";32;"pre-learned";"first";"within_pair-across_pair";-0,0268748085832288;"evc_avg_all_top_300"
"856";32;"pre-learned";"last";"within_pair-across_pair";0,00236003915306067;"evc_avg_all_top_300"
"857";33;"learned";"first";"within_pair-across_pair";-0,0206214366899441;"evc_avg_all_top_300"
"858";33;"learned";"last";"within_pair-across_pair";0,00319694107162798;"evc_avg_all_top_300"
"859";33;"pre-learned";"first";"within_pair-across_pair";-0,0272428878575522;"evc_avg_all_top_300"
"860";33;"pre-learned";"last";"within_pair-across_pair";0,000409994507882955;"evc_avg_all_top_300"
"861";35;"learned";"first";"within_pair-across_pair";-0,0230474669717207;"evc_avg_all_top_300"
"862";35;"learned";"last";"within_pair-across_pair";0,0304145408820218;"evc_avg_all_top_300"
"863";35;"pre-learned";"first";"within_pair-across_pair";0,0204138418808512;"evc_avg_all_top_300"
"864";35;"pre-learned";"last";"within_pair-across_pair";-0,00286423202166515;"evc_avg_all_top_300"
"865";36;"learned";"first";"within_pair-across_pair";0,00682515517714888;"evc_avg_all_top_300"
"866";36;"learned";"last";"within_pair-across_pair";-0,104251550700519;"evc_avg_all_top_300"
"867";36;"pre-learned";"first";"within_pair-across_pair";0,0326317240736109;"evc_avg_all_top_300"
"868";36;"pre-learned";"last";"within_pair-across_pair";-0,00760500018488246;"evc_avg_all_top_300"
"869";1;"learned";"first";"within_item-across_pair";-0,0135963170485114;"evc_avg_all_top_300"
"870";1;"learned";"last";"within_item-across_pair";-0,0171706790047668;"evc_avg_all_top_300"
"871";1;"pre-learned";"first";"within_item-across_pair";-0,0271104003413428;"evc_avg_all_top_300"
"872";1;"pre-learned";"last";"within_item-across_pair";0,014889252464955;"evc_avg_all_top_300"
"873";2;"learned";"first";"within_item-across_pair";0,0312085303679876;"evc_avg_all_top_300"
"874";2;"learned";"last";"within_item-across_pair";0,0496431495148383;"evc_avg_all_top_300"
"875";2;"pre-learned";"first";"within_item-across_pair";-0,0264857515384763;"evc_avg_all_top_300"
"876";2;"pre-learned";"last";"within_item-across_pair";-0,00966207872811019;"evc_avg_all_top_300"
"877";3;"learned";"first";"within_item-across_pair";-0,00652197576179975;"evc_avg_all_top_300"
"878";3;"learned";"last";"within_item-across_pair";0,0108847908604735;"evc_avg_all_top_300"
"879";3;"pre-learned";"first";"within_item-across_pair";-0,0179942276858906;"evc_avg_all_top_300"
"880";3;"pre-learned";"last";"within_item-across_pair";0,00756256267254522;"evc_avg_all_top_300"
"881";4;"learned";"first";"within_item-across_pair";0,0139054525583994;"evc_avg_all_top_300"
"882";4;"learned";"last";"within_item-across_pair";0,00401221104167556;"evc_avg_all_top_300"
"883";4;"pre-learned";"first";"within_item-across_pair";-0,0083197732481685;"evc_avg_all_top_300"
"884";4;"pre-learned";"last";"within_item-across_pair";0,00439568778071667;"evc_avg_all_top_300"
"885";5;"learned";"first";"within_item-across_pair";0,0206584717317168;"evc_avg_all_top_300"
"886";5;"learned";"last";"within_item-across_pair";-0,0151879278037217;"evc_avg_all_top_300"
"887";5;"pre-learned";"first";"within_item-across_pair";-0,00971630698074972;"evc_avg_all_top_300"
"888";5;"pre-learned";"last";"within_item-across_pair";0,0281500189599863;"evc_avg_all_top_300"
"889";6;"learned";"first";"within_item-across_pair";0,0345889900584412;"evc_avg_all_top_300"
"890";6;"learned";"last";"within_item-across_pair";0,0422442143063608;"evc_avg_all_top_300"
"891";6;"pre-learned";"first";"within_item-across_pair";0,0195204228682443;"evc_avg_all_top_300"
"892";6;"pre-learned";"last";"within_item-across_pair";0,0243345499685379;"evc_avg_all_top_300"
"893";7;"learned";"first";"within_item-across_pair";-0,0141296893564519;"evc_avg_all_top_300"
"894";7;"learned";"last";"within_item-across_pair";0,00096935443960181;"evc_avg_all_top_300"
"895";7;"pre-learned";"first";"within_item-across_pair";0,00604248210701777;"evc_avg_all_top_300"
"896";7;"pre-learned";"last";"within_item-across_pair";0,00574560571993385;"evc_avg_all_top_300"
"897";9;"learned";"first";"within_item-across_pair";-0,00841021077468076;"evc_avg_all_top_300"
"898";9;"learned";"last";"within_item-across_pair";0,00228353228493988;"evc_avg_all_top_300"
"899";9;"pre-learned";"first";"within_item-across_pair";0,00310214568784857;"evc_avg_all_top_300"
"900";9;"pre-learned";"last";"within_item-across_pair";-0,00817001704948912;"evc_avg_all_top_300"
"901";10;"learned";"first";"within_item-across_pair";0,0376783531726555;"evc_avg_all_top_300"
"902";10;"learned";"last";"within_item-across_pair";0,0219824624101945;"evc_avg_all_top_300"
"903";10;"pre-learned";"first";"within_item-across_pair";0,00342739186240468;"evc_avg_all_top_300"
"904";10;"pre-learned";"last";"within_item-across_pair";-0,0125667755718031;"evc_avg_all_top_300"
"905";11;"learned";"first";"within_item-across_pair";0,0137209839372282;"evc_avg_all_top_300"
"906";11;"learned";"last";"within_item-across_pair";-0,00645494931378126;"evc_avg_all_top_300"
"907";11;"pre-learned";"first";"within_item-across_pair";-0,00455572453359739;"evc_avg_all_top_300"
"908";11;"pre-learned";"last";"within_item-across_pair";0,00134096296246549;"evc_avg_all_top_300"
"909";12;"learned";"first";"within_item-across_pair";-0,00246103539833162;"evc_avg_all_top_300"
"910";12;"learned";"last";"within_item-across_pair";-0,0102787063038385;"evc_avg_all_top_300"
"911";12;"pre-learned";"first";"within_item-across_pair";0,004524015053795;"evc_avg_all_top_300"
"912";12;"pre-learned";"last";"within_item-across_pair";0,0208006328618698;"evc_avg_all_top_300"
"913";13;"learned";"first";"within_item-across_pair";0,00763662609244243;"evc_avg_all_top_300"
"914";13;"learned";"last";"within_item-across_pair";0,0136027779448005;"evc_avg_all_top_300"
"915";13;"pre-learned";"first";"within_item-across_pair";-0,00515791752639094;"evc_avg_all_top_300"
"916";13;"pre-learned";"last";"within_item-across_pair";-0,00937526338046364;"evc_avg_all_top_300"
"917";14;"learned";"first";"within_item-across_pair";0,019010165519236;"evc_avg_all_top_300"
"918";14;"learned";"last";"within_item-across_pair";-0,0186802469266706;"evc_avg_all_top_300"
"919";14;"pre-learned";"first";"within_item-across_pair";0,0143999492460712;"evc_avg_all_top_300"
"920";14;"pre-learned";"last";"within_item-across_pair";0,00176023620579738;"evc_avg_all_top_300"
"921";17;"learned";"first";"within_item-across_pair";0,0222706817385304;"evc_avg_all_top_300"
"922";17;"learned";"last";"within_item-across_pair";-0,00104026734617698;"evc_avg_all_top_300"
"923";17;"pre-learned";"first";"within_item-across_pair";-0,0019849074956967;"evc_avg_all_top_300"
"924";17;"pre-learned";"last";"within_item-across_pair";0,00127674339214352;"evc_avg_all_top_300"
"925";18;"learned";"first";"within_item-across_pair";0,00967916583324592;"evc_avg_all_top_300"
"926";18;"learned";"last";"within_item-across_pair";0,0129836423341438;"evc_avg_all_top_300"
"927";18;"pre-learned";"first";"within_item-across_pair";0,00612290746912794;"evc_avg_all_top_300"
"928";18;"pre-learned";"last";"within_item-across_pair";0,00348730470895587;"evc_avg_all_top_300"
"929";19;"learned";"first";"within_item-across_pair";0,00609114545344424;"evc_avg_all_top_300"
"930";19;"learned";"last";"within_item-across_pair";-0,00511834393327412;"evc_avg_all_top_300"
"931";19;"pre-learned";"first";"within_item-across_pair";0,0149560808988849;"evc_avg_all_top_300"
"932";19;"pre-learned";"last";"within_item-across_pair";0,0042304608134528;"evc_avg_all_top_300"
"933";20;"learned";"first";"within_item-across_pair";0,00106278738989982;"evc_avg_all_top_300"
"934";20;"learned";"last";"within_item-across_pair";-0,0335212199753964;"evc_avg_all_top_300"
"935";20;"pre-learned";"first";"within_item-across_pair";-0,0238337487333409;"evc_avg_all_top_300"
"936";20;"pre-learned";"last";"within_item-across_pair";-0,0305365180389719;"evc_avg_all_top_300"
"937";21;"learned";"first";"within_item-across_pair";-0,0212646520044167;"evc_avg_all_top_300"
"938";21;"learned";"last";"within_item-across_pair";0,0103616239930184;"evc_avg_all_top_300"
"939";21;"pre-learned";"first";"within_item-across_pair";0,016360140987695;"evc_avg_all_top_300"
"940";21;"pre-learned";"last";"within_item-across_pair";-0,0202815645253894;"evc_avg_all_top_300"
"941";22;"learned";"first";"within_item-across_pair";-0,012704527492244;"evc_avg_all_top_300"
"942";22;"learned";"last";"within_item-across_pair";0,0267075100870401;"evc_avg_all_top_300"
"943";22;"pre-learned";"first";"within_item-across_pair";0,000909723787930836;"evc_avg_all_top_300"
"944";22;"pre-learned";"last";"within_item-across_pair";0,0205506608384813;"evc_avg_all_top_300"
"945";23;"learned";"first";"within_item-across_pair";0,0159866443380515;"evc_avg_all_top_300"
"946";23;"learned";"last";"within_item-across_pair";0,00191241368722368;"evc_avg_all_top_300"
"947";23;"pre-learned";"first";"within_item-across_pair";0,0105192501082511;"evc_avg_all_top_300"
"948";23;"pre-learned";"last";"within_item-across_pair";0,0021447770393711;"evc_avg_all_top_300"
"949";24;"learned";"first";"within_item-across_pair";0,00126563602423986;"evc_avg_all_top_300"
"950";24;"learned";"last";"within_item-across_pair";0,00191405371651707;"evc_avg_all_top_300"
"951";24;"pre-learned";"first";"within_item-across_pair";-0,000375970763544699;"evc_avg_all_top_300"
"952";24;"pre-learned";"last";"within_item-across_pair";0,00992162583819082;"evc_avg_all_top_300"
"953";25;"learned";"first";"within_item-across_pair";0,0215285917347066;"evc_avg_all_top_300"
"954";25;"learned";"last";"within_item-across_pair";0,0129283942642064;"evc_avg_all_top_300"
"955";25;"pre-learned";"first";"within_item-across_pair";0,00659221291369346;"evc_avg_all_top_300"
"956";25;"pre-learned";"last";"within_item-across_pair";0,0295962432874412;"evc_avg_all_top_300"
"957";26;"learned";"first";"within_item-across_pair";0,0127737485794689;"evc_avg_all_top_300"
"958";26;"learned";"last";"within_item-across_pair";-0,0136404833737704;"evc_avg_all_top_300"
"959";26;"pre-learned";"first";"within_item-across_pair";0,00217404975628952;"evc_avg_all_top_300"
"960";26;"pre-learned";"last";"within_item-across_pair";-0,0183364122335341;"evc_avg_all_top_300"
"961";27;"learned";"first";"within_item-across_pair";-0,00564868073583581;"evc_avg_all_top_300"
"962";27;"learned";"last";"within_item-across_pair";0,00204241629516231;"evc_avg_all_top_300"
"963";27;"pre-learned";"first";"within_item-across_pair";0,000767433346365989;"evc_avg_all_top_300"
"964";27;"pre-learned";"last";"within_item-across_pair";0,00952117758739047;"evc_avg_all_top_300"
"965";28;"learned";"first";"within_item-across_pair";-0,00838126700516142;"evc_avg_all_top_300"
"966";28;"learned";"last";"within_item-across_pair";0,0343260007122559;"evc_avg_all_top_300"
"967";28;"pre-learned";"first";"within_item-across_pair";-0,0109908392005588;"evc_avg_all_top_300"
"968";28;"pre-learned";"last";"within_item-across_pair";0,0223241169731093;"evc_avg_all_top_300"
"969";29;"learned";"first";"within_item-across_pair";0,012477300464782;"evc_avg_all_top_300"
"970";29;"learned";"last";"within_item-across_pair";0,00405320884522418;"evc_avg_all_top_300"
"971";29;"pre-learned";"first";"within_item-across_pair";0,00248941720455458;"evc_avg_all_top_300"
"972";29;"pre-learned";"last";"within_item-across_pair";-0,0242963733379173;"evc_avg_all_top_300"
"973";31;"learned";"first";"within_item-across_pair";-0,0345014852717714;"evc_avg_all_top_300"
"974";31;"learned";"last";"within_item-across_pair";-0,0155759246487635;"evc_avg_all_top_300"
"975";31;"pre-learned";"first";"within_item-across_pair";-0,00980934543428205;"evc_avg_all_top_300"
"976";31;"pre-learned";"last";"within_item-across_pair";-0,00148644258082626;"evc_avg_all_top_300"
"977";32;"learned";"first";"within_item-across_pair";-0,00441040711818214;"evc_avg_all_top_300"
"978";32;"learned";"last";"within_item-across_pair";-0,0175089960218145;"evc_avg_all_top_300"
"979";32;"pre-learned";"first";"within_item-across_pair";0,0211505537447581;"evc_avg_all_top_300"
"980";32;"pre-learned";"last";"within_item-across_pair";-0,015975903122613;"evc_avg_all_top_300"
"981";33;"learned";"first";"within_item-across_pair";-0,00170413521572773;"evc_avg_all_top_300"
"982";33;"learned";"last";"within_item-across_pair";0,0195650827497009;"evc_avg_all_top_300"
"983";33;"pre-learned";"first";"within_item-across_pair";0,011470190095432;"evc_avg_all_top_300"
"984";33;"pre-learned";"last";"within_item-across_pair";0,00893411206605543;"evc_avg_all_top_300"
"985";35;"learned";"first";"within_item-across_pair";0,0108655887593843;"evc_avg_all_top_300"
"986";35;"learned";"last";"within_item-across_pair";0,00910080563519948;"evc_avg_all_top_300"
"987";35;"pre-learned";"first";"within_item-across_pair";0,024953485169398;"evc_avg_all_top_300"
"988";35;"pre-learned";"last";"within_item-across_pair";-0,00190921782872734;"evc_avg_all_top_300"
"989";36;"learned";"first";"within_item-across_pair";0,0597183362452809;"evc_avg_all_top_300"
"990";36;"learned";"last";"within_item-across_pair";-0,0382203512792909;"evc_avg_all_top_300"
"991";36;"pre-learned";"first";"within_item-across_pair";0,00196721347721433;"evc_avg_all_top_300"
"992";36;"pre-learned";"last";"within_item-across_pair";0,0318373737684855;"evc_avg_all_top_300"
